Date,Open,High,Low,Close,Adj Close,Volume
2018-01-02,120.63999938964844,122.66999816894531,120.01000213623047,121.41999816894531,118.3570327758789,1549900
2018-01-03,124.4800033569336,127.75,124.30000305175781,125.16999816894531,122.01244354248047,2451000
2018-01-04,125.91999816894531,126.6500015258789,123.94000244140625,126.13999938964844,122.95796966552734,2261700
2018-01-05,126.47000122070312,127.3499984741211,125.41000366210938,127.12000274658203,123.91324615478516,1618100
2018-01-08,126.55999755859375,128.27999877929688,126.0999984741211,128.2100067138672,124.97574615478516,1759700
2018-01-09,128.42999267578125,128.8800048828125,127.08000183105469,127.27999877929688,124.0692138671875,1283400
2018-01-10,128.1300048828125,128.1300048828125,126.37999725341797,127.18000030517578,123.97174072265625,1234100
2018-01-11,130.00999450683594,131.22999572753906,128.33999633789062,129.41000366210938,126.14546966552734,2483400
2018-01-12,130.33999633789062,132.7899932861328,128.8699951171875,132.36000061035156,129.0210723876953,2245500
2018-01-16,132.82000732421875,133.67999267578125,129.89999389648438,130.60000610351562,127.30546569824219,3182400
2018-01-17,131.82000732421875,131.82000732421875,129.25,130.63999938964844,127.3444595336914,1885200
2018-01-18,130.30999755859375,130.4199981689453,126.75,126.88999938964844,123.68905639648438,2824600
2018-01-19,127.43000030517578,128.16000366210938,124.5999984741211,126.2699966430664,123.08467864990234,2319100
2018-01-22,126.5199966430664,128.25,125.38999938964844,128.19000244140625,124.95624542236328,1509700
2018-01-23,128.19000244140625,129.07000732421875,127.55999755859375,128.92999267578125,125.67758178710938,1489900
2018-01-24,130.3699951171875,131.6999969482422,129.44000244140625,130.42999267578125,127.13973999023438,1701200
2018-01-25,131.75999450683594,132.22999572753906,130.4499969482422,131.11000061035156,127.80259704589844,1407500
2018-01-26,131.89999389648438,132.3000030517578,130.86000061035156,131.75999450683594,128.43618774414062,1538700
2018-01-29,131.60000610351562,131.75,129.3800048828125,130.39999389648438,127.11048889160156,1296700
2018-01-30,130.0,130.33999633789062,127.9800033569336,128.88999938964844,125.63860321044922,1437700
2018-01-31,129.1699981689453,129.6199951171875,127.06999969482422,128.00999450683594,124.7807846069336,1334200
2018-02-01,127.25,130.63999938964844,127.25,129.11000061035156,125.8530502319336,2196100
2018-02-02,128.35000610351562,128.83999633789062,125.97000122070312,126.63999938964844,123.44535064697266,1909000
2018-02-05,125.33000183105469,128.24000549316406,124.51000213623047,125.05000305175781,121.89546966552734,3227600
2018-02-06,123.37000274658203,128.22000122070312,123.1500015258789,127.27999877929688,124.0692138671875,3570900
2018-02-07,127.12999725341797,132.44000244140625,126.52999877929688,129.3300018310547,126.06748962402344,3157900
2018-02-08,129.1300048828125,130.92999267578125,122.30999755859375,123.02999877929688,119.9264144897461,4892300
2018-02-09,105.0,107.98999786376953,98.5199966430664,104.0,101.37647247314453,17183600
2018-02-12,104.16999816894531,105.7300033569336,100.37999725341797,102.81999969482422,100.22624206542969,4820600
2018-02-13,102.06999969482422,102.91999816894531,100.19000244140625,101.76000213623047,99.19298553466797,2958100
2018-02-14,100.69000244140625,101.0999984741211,99.08000183105469,100.0999984741211,97.5748519897461,4011100
2018-02-15,101.4800033569336,102.97000122070312,99.06999969482422,102.2300033569336,99.65113830566406,3931800
2018-02-16,102.0,104.2699966430664,101.44000244140625,103.8499984741211,101.2302474975586,2685400
2018-02-20,103.75,106.18000030517578,102.73999786376953,104.0999984741211,101.47396087646484,2951200
2018-02-21,104.52999877929688,105.30999755859375,102.9000015258789,102.98999786376953,100.39195251464844,2056500
2018-02-22,103.13999938964844,104.83000183105469,102.30999755859375,104.52999877929688,101.8930892944336,2137300
2018-02-23,105.12999725341797,106.83999633789062,104.2699966430664,106.37999725341797,103.6964340209961,2413400
2018-02-26,106.58999633789062,107.47000122070312,105.20999908447266,106.62000274658203,103.93038940429688,1796100
2018-02-27,106.04000091552734,106.94000244140625,103.69000244140625,103.70999908447266,101.09379577636719,2502200
2018-02-28,105.41000366210938,106.5999984741211,103.93000030517578,105.16999816894531,102.51695251464844,2175800
2018-03-01,104.98999786376953,105.5999984741211,102.7300033569336,103.95999908447266,101.33748626708984,2074500
2018-03-02,103.0,104.86000061035156,101.37000274658203,104.5,101.86386108398438,1882400
2018-03-05,104.38999938964844,108.56999969482422,103.80000305175781,107.66000366210938,104.94415283203125,2308700
2018-03-06,107.9800033569336,109.37999725341797,106.95999908447266,108.61000061035156,105.87017822265625,1582600
2018-03-07,107.94000244140625,112.36000061035156,107.44000244140625,111.3499984741211,108.8416976928711,3210200
2018-03-08,111.41000366210938,112.58000183105469,109.75,110.33000183105469,107.84468841552734,1822700
2018-03-09,110.9800033569336,112.62999725341797,110.06999969482422,112.22000122070312,109.69210815429688,1948400
2018-03-12,112.7699966430664,114.98999786376953,112.16999816894531,114.44000244140625,111.86209869384766,1774000
2018-03-13,114.41999816894531,114.61000061035156,109.16000366210938,109.52999877929688,107.06270599365234,3526800
2018-03-14,107.80000305175781,114.4800033569336,106.41000366210938,113.27999877929688,110.72823333740234,5394200
2018-03-15,111.91999816894531,112.79000091552734,110.16000366210938,112.44999694824219,109.91692352294922,3626500
2018-03-16,112.87000274658203,114.36000061035156,112.1500015258789,113.19999694824219,110.65003204345703,2793800
2018-03-19,112.62999725341797,113.0199966430664,110.26000213623047,111.08999633789062,108.58755493164062,1628000
2018-03-20,111.05000305175781,111.86000061035156,108.63999938964844,110.30999755859375,107.82511901855469,2610100
2018-03-21,110.58000183105469,111.8499984741211,109.0,109.23999786376953,106.77922058105469,1421500
2018-03-22,108.04000091552734,108.91000366210938,105.63999938964844,106.9800033569336,104.57015228271484,2331000
2018-03-23,107.12999725341797,107.48999786376953,105.62000274658203,106.11000061035156,103.71973419189453,1944600
2018-03-26,107.58999633789062,107.62999725341797,104.5199966430664,106.83999633789062,104.43328857421875,2477900
2018-03-27,107.2699966430664,107.61000061035156,104.81999969482422,105.58999633789062,103.2114486694336,2215500
2018-03-28,105.11000061035156,108.87000274658203,104.16000366210938,106.31999969482422,103.92501831054688,2366700
2018-03-29,106.70999908447266,110.98999786376953,106.52999877929688,110.41000366210938,107.92288208007812,2239600
2018-04-02,109.58000183105469,110.29000091552734,105.87999725341797,106.79000091552734,104.38442993164062,2563400
2018-04-03,106.91000366210938,107.44000244140625,105.8499984741211,106.97000122070312,104.56037139892578,1930700
2018-04-04,105.30000305175781,109.66999816894531,105.12000274658203,109.26000213623047,106.79878997802734,1778300
2018-04-05,110.05000305175781,111.19000244140625,109.81999969482422,110.11000061035156,107.629638671875,1339400
2018-04-06,109.70999908447266,109.91000366210938,106.47000122070312,107.55000305175781,105.12731170654297,1671900
2018-04-09,107.94999694824219,109.69999694824219,107.12000274658203,107.25,104.83406829833984,1613100
2018-04-10,108.0,109.5199966430664,107.13999938964844,108.48999786376953,106.04612731933594,1727700
2018-04-11,107.6500015258789,108.61000061035156,107.12000274658203,107.5,105.07843017578125,1587400
2018-04-12,107.93000030517578,109.22000122070312,106.0999984741211,107.19999694824219,104.78518676757812,2395100
2018-04-13,107.33000183105469,108.12999725341797,106.51000213623047,107.19999694824219,104.78518676757812,963400
2018-04-16,108.1500015258789,109.5,106.44000244140625,109.16000366210938,106.70103454589844,1373500
2018-04-17,110.0,111.33999633789062,108.97000122070312,110.44999694824219,107.96197509765625,1411100
2018-04-18,110.72000122070312,111.0,109.04000091552734,110.27999877929688,107.79580688476562,1659100
2018-04-19,109.70999908447266,111.9800033569336,109.6500015258789,111.37000274658203,108.86125183105469,1688900
2018-04-20,110.95999908447266,111.29000091552734,108.86000061035156,109.7699966430664,107.29728698730469,1580700
2018-04-23,110.0,112.30000305175781,109.16999816894531,110.38999938964844,107.9033203125,2203800
2018-04-24,111.36000061035156,112.87999725341797,109.91000366210938,110.77999877929688,108.2845458984375,2243600
2018-04-25,109.94999694824219,110.0,106.22000122070312,108.44000244140625,105.99726104736328,3377900
2018-04-26,108.63999938964844,109.41999816894531,105.87000274658203,106.3499984741211,103.95433044433594,6906800
2018-04-27,116.4800033569336,118.0,113.76000213623047,115.06999969482422,112.4779052734375,6929700
2018-04-30,115.81999969482422,116.62000274658203,113.4000015258789,115.13999938964844,112.54633331298828,2279100
2018-05-01,114.33000183105469,115.11000061035156,112.77999877929688,113.5,110.94326782226562,1927200
2018-05-02,113.51000213623047,115.41999816894531,112.93000030517578,114.43000030517578,111.85232543945312,1261800
2018-05-03,113.98999786376953,114.0,110.4000015258789,111.27999877929688,108.77327728271484,2120800
2018-05-04,110.8499984741211,111.16000366210938,109.33999633789062,110.12000274658203,107.63941955566406,2429000
2018-05-07,110.70999908447266,112.9000015258789,110.16999816894531,110.94999694824219,108.4507064819336,1613800
2018-05-08,110.66999816894531,111.25,109.77999877929688,110.54000091552734,108.04995727539062,1526000
2018-05-09,111.6500015258789,112.91000366210938,110.95999908447266,112.22000122070312,109.69210815429688,1523100
2018-05-10,112.4800033569336,115.7300033569336,112.18000030517578,113.93000030517578,111.36358642578125,2239900
2018-05-11,113.68000030517578,114.22000122070312,112.94000244140625,113.91000366210938,111.34404754638672,1436400
2018-05-14,114.1500015258789,114.91999816894531,113.54000091552734,114.63999938964844,112.05760192871094,1323400
2018-05-15,113.45999908447266,114.62000274658203,113.05999755859375,114.0,111.43199920654297,952800
2018-05-16,113.95999908447266,116.68000030517578,113.95999908447266,115.58999633789062,112.98619079589844,1297300
2018-05-17,115.02999877929688,116.66000366210938,114.73999786376953,115.66999816894531,113.06437683105469,888900
2018-05-18,115.54000091552734,115.80999755859375,114.7300033569336,115.06999969482422,112.4779052734375,1288700
2018-05-21,115.5199966430664,116.87999725341797,115.5199966430664,116.36000061035156,113.73884582519531,858000
2018-05-22,116.9000015258789,118.16999816894531,116.20999908447266,116.29000091552734,113.67042541503906,1649800
2018-05-23,115.16999816894531,115.93000030517578,114.48999786376953,115.2300033569336,112.92562103271484,734900
2018-05-24,115.22000122070312,117.0199966430664,115.01000213623047,116.98999786376953,114.65042877197266,937200
2018-05-25,116.66000366210938,118.0,116.02999877929688,117.83000183105469,115.4736328125,1011400
2018-05-29,117.29000091552734,117.79000091552734,116.55000305175781,117.26000213623047,114.91502380371094,1609100
2018-05-30,117.79000091552734,118.2699966430664,116.5,118.01000213623047,115.65003967285156,1129700
2018-05-31,118.1500015258789,121.0999984741211,117.95999908447266,121.02999877929688,118.60962677001953,2111100
2018-06-01,121.0999984741211,122.41999816894531,119.97000122070312,120.0199966430664,117.61982727050781,1683600
2018-06-04,120.5999984741211,121.86000061035156,118.72000122070312,118.87999725341797,116.50262451171875,1717900
2018-06-05,118.94000244140625,120.97000122070312,118.94000244140625,120.18000030517578,117.77664184570312,3977400
2018-06-06,120.69000244140625,123.20999908447266,119.47000122070312,122.41000366210938,119.9620361328125,2720000
2018-06-07,122.41000366210938,123.19000244140625,119.20999908447266,120.33999633789062,117.93344116210938,2729600
2018-06-08,119.69000244140625,121.2300033569336,119.33999633789062,120.88999938964844,118.47244262695312,2214700
2018-06-11,120.5999984741211,124.58999633789062,120.5999984741211,123.62000274658203,121.14784240722656,1773600
2018-06-12,123.9000015258789,124.70999908447266,123.44000244140625,124.38999938964844,121.9024429321289,1230000
2018-06-13,124.44000244140625,124.44000244140625,121.69000244140625,122.33999633789062,119.89344024658203,928100
2018-06-14,122.66999816894531,123.9000015258789,122.26000213623047,123.58000183105469,121.108642578125,1241600
2018-06-15,123.18000030517578,124.30000305175781,122.91000366210938,124.12000274658203,121.6378402709961,1412200
2018-06-18,123.77999877929688,125.5999984741211,123.62000274658203,125.26000213623047,122.75504302978516,1205500
2018-06-19,124.01000213623047,125.33999633789062,123.56999969482422,124.66999816894531,122.17684173583984,1262400
2018-06-20,124.69000244140625,125.41999816894531,124.12999725341797,124.9000015258789,122.40223693847656,928000
2018-06-21,125.62999725341797,126.38999938964844,123.27999877929688,123.62999725341797,121.15763854980469,1219700
2018-06-22,124.58000183105469,125.61000061035156,124.06999969482422,124.83000183105469,122.33364868164062,1497600
2018-06-25,124.06999969482422,124.69000244140625,121.86000061035156,122.88999938964844,120.43244934082031,1503200
2018-06-26,122.75,122.86000061035156,121.22000122070312,122.02999877929688,119.58963012695312,1028400
2018-06-27,122.62999725341797,123.22000122070312,120.30999755859375,120.33999633789062,117.93344116210938,910300
2018-06-28,120.16999816894531,121.23999786376953,118.80999755859375,120.5,118.09022521972656,1317600
2018-06-29,121.62000274658203,121.77999877929688,119.52999877929688,120.19000244140625,117.78643035888672,1201100
2018-07-02,119.62000274658203,121.94999694824219,119.52999877929688,121.80000305175781,119.36424255371094,1225400
2018-07-03,122.4000015258789,124.63999938964844,121.54000091552734,123.25,120.78524017333984,1223500
2018-07-05,123.66000366210938,123.91999816894531,122.72000122070312,123.83000183105469,121.35364532470703,1361300
2018-07-06,124.29000091552734,126.1500015258789,123.41999816894531,126.0,123.48023986816406,924700
2018-07-09,126.43000030517578,127.72000122070312,125.93000030517578,127.01000213623047,124.47004699707031,994000
2018-07-10,127.25,127.95999908447266,126.3499984741211,127.26000213623047,124.71504974365234,860500
2018-07-11,126.12999725341797,126.9800033569336,123.80999755859375,125.13999938964844,122.63744354248047,1101300
2018-07-12,125.29000091552734,127.94000244140625,125.12999725341797,127.37000274658203,124.82284545898438,1030900
2018-07-13,127.45999908447266,127.73999786376953,126.02999877929688,126.94999694824219,124.41123962402344,984900
2018-07-16,126.83000183105469,127.5,126.23999786376953,126.66000366210938,124.12704467773438,898100
2018-07-17,125.75,129.49000549316406,125.75,128.7899932861328,126.21443939208984,1556800
2018-07-18,128.4199981689453,129.75999450683594,127.26000213623047,127.48999786376953,124.9404525756836,1207800
2018-07-19,127.30999755859375,128.5399932861328,126.91000366210938,127.80999755859375,125.25405883789062,1072500
2018-07-20,127.33000183105469,127.62999725341797,125.33000183105469,125.5,122.990234375,1357200
2018-07-23,125.41999816894531,126.5,124.16000366210938,126.37999725341797,123.85264587402344,2004700
2018-07-24,127.5999984741211,128.89999389648438,126.43000030517578,127.23999786376953,124.6954345703125,1773300
2018-07-25,126.75,127.80000305175781,125.77999877929688,127.55999755859375,125.00904083251953,1882200
2018-07-26,127.72000122070312,128.5399932861328,125.08999633789062,125.80000305175781,123.28424835205078,2563000
2018-07-27,138.07000732421875,139.77000427246094,135.33999633789062,137.7899932861328,135.03445434570312,7309400
2018-07-30,137.0,138.44000244140625,134.4199981689453,134.80999755859375,132.1140594482422,2308600
2018-07-31,134.6699981689453,134.8800048828125,132.1999969482422,133.83999633789062,131.1634521484375,1777600
2018-08-01,133.17999267578125,134.67999267578125,132.4499969482422,133.72999572753906,131.05564880371094,1318100
2018-08-02,131.88999938964844,133.38999938964844,131.25999450683594,132.85000610351562,130.1932830810547,1390700
2018-08-03,132.92999267578125,133.08999633789062,131.77999877929688,132.10000610351562,129.45826721191406,1302900
2018-08-06,131.80999755859375,133.89999389648438,131.25999450683594,133.08999633789062,130.4284210205078,1461700
2018-08-07,134.0,134.35000610351562,132.9600067138672,133.0399932861328,130.3794403076172,747900
2018-08-08,132.66000366210938,133.02000427246094,131.02999877929688,131.7100067138672,129.07606506347656,1075900
2018-08-09,130.9600067138672,134.55999755859375,130.8699951171875,132.74000549316406,130.08546447753906,1976000
2018-08-10,132.16000366210938,133.1199951171875,130.89999389648438,131.88999938964844,129.25245666503906,1078300
2018-08-13,132.5,132.7899932861328,131.13999938964844,131.49000549316406,128.86045837402344,808500
2018-08-14,132.0,134.22999572753906,131.5500030517578,133.49000549316406,130.82049560546875,1403700
2018-08-15,132.5500030517578,133.22999572753906,130.3300018310547,131.6999969482422,129.06625366210938,1390500
2018-08-16,133.27999877929688,133.30999755859375,130.9499969482422,131.1999969482422,128.5762481689453,1016700
2018-08-17,131.10000610351562,131.66000366210938,129.91000366210938,131.02999877929688,128.40966796875,858100
2018-08-20,130.86000061035156,132.05999755859375,130.72000122070312,131.55999755859375,128.9290313720703,1083400
2018-08-21,131.52000427246094,132.6199951171875,131.25999450683594,131.50999450683594,128.8800506591797,1343100
2018-08-22,130.2100067138672,130.97000122070312,128.39999389648438,128.8800048828125,126.61073303222656,2425100
2018-08-23,128.8800048828125,129.69000244140625,127.95999908447266,128.9199981689453,126.6500244140625,1737400
2018-08-24,129.05999755859375,130.85000610351562,128.88999938964844,130.22000122070312,127.9271469116211,891500
2018-08-27,130.36000061035156,132.7899932861328,130.36000061035156,131.89999389648438,129.5775604248047,1250600
2018-08-28,131.6999969482422,132.1999969482422,131.22999572753906,131.55999755859375,129.24356079101562,950500
2018-08-29,132.1199951171875,133.25999450683594,131.57000732421875,132.77999877929688,130.4420623779297,1019000
2018-08-30,132.0500030517578,133.05999755859375,131.17999267578125,131.4499969482422,129.1354522705078,791400
2018-08-31,130.82000732421875,132.0,130.25999450683594,130.5,128.20217895507812,1018900
2018-09-04,130.13999938964844,130.5,126.63999938964844,127.37000274658203,125.12731170654297,1826100
2018-09-05,126.98999786376953,127.0,123.44999694824219,123.8499984741211,121.66929626464844,2221700
2018-09-06,124.52999877929688,124.94999694824219,121.83999633789062,124.52999877929688,122.33731842041016,2158600
2018-09-07,123.80999755859375,129.44000244140625,123.37000274658203,128.82000732421875,126.55179595947266,3041000
2018-09-10,129.13999938964844,129.39999389648438,128.0399932861328,129.0500030517578,126.77774810791016,1281600
2018-09-11,127.55000305175781,129.99000549316406,127.48999786376953,129.77000427246094,127.48506164550781,994400
2018-09-12,126.69999694824219,132.11000061035156,126.69999694824219,131.24000549316406,128.92916870117188,1536700
2018-09-13,131.60000610351562,132.35000610351562,129.5,130.41000366210938,128.11380004882812,1428100
2018-09-14,130.7899932861328,131.75999450683594,129.25999450683594,129.74000549316406,127.45559692382812,1095500
2018-09-17,129.72999572753906,130.1199951171875,126.91000366210938,128.97999572753906,126.70895385742188,1071700
2018-09-18,129.0500030517578,131.49000549316406,128.80999755859375,130.67999267578125,128.37901306152344,952500
2018-09-19,130.5,133.27999877929688,130.0,132.77999877929688,130.4420623779297,1369000
2018-09-20,133.3699951171875,134.77000427246094,133.07000732421875,134.42999267578125,132.06300354003906,1586400
2018-09-21,134.99000549316406,135.69000244140625,133.5500030517578,133.72999572753906,131.37535095214844,2440100
2018-09-24,132.94000244140625,133.2899932861328,130.9199981689453,132.2100067138672,129.8821258544922,1935200
2018-09-25,132.52000427246094,132.57000732421875,130.4499969482422,130.77999877929688,128.47727966308594,1411300
2018-09-26,131.07000732421875,132.99000549316406,131.07000732421875,131.63999938964844,129.3221435546875,2008600
2018-09-27,132.0,132.9600067138672,131.22000122070312,131.5,129.18460083007812,1103900
2018-09-28,130.9499969482422,131.60000610351562,129.69000244140625,130.47999572753906,128.1825714111328,1281500
2018-10-01,131.44000244140625,131.9199981689453,130.13999938964844,130.32000732421875,128.02537536621094,1358000
2018-10-02,130.38999938964844,130.6199951171875,128.7899932861328,128.9600067138672,126.68934631347656,1118600
2018-10-03,128.13999938964844,129.47000122070312,126.5999984741211,129.3699951171875,127.09207916259766,1209100
2018-10-04,129.1300048828125,129.3000030517578,126.7300033569336,126.94000244140625,124.70488739013672,1563400
2018-10-05,127.0999984741211,127.37000274658203,122.08999633789062,123.7300033569336,121.55142211914062,2002500
2018-10-08,123.12999725341797,124.1500015258789,121.0199966430664,122.58999633789062,120.43147277832031,1520200
2018-10-09,122.12999725341797,123.43000030517578,121.13999938964844,121.36000061035156,119.22314453125,1306800
2018-10-10,121.02999877929688,121.30000305175781,116.69999694824219,116.76000213623047,114.7041244506836,1902400
2018-10-11,117.12999725341797,118.47000122070312,114.23999786376953,115.69000244140625,113.6529769897461,2086600
2018-10-12,118.86000061035156,119.69000244140625,115.86000061035156,118.55999755859375,116.4724349975586,1619500
2018-10-15,118.2300033569336,119.61000061035156,116.44999694824219,118.55000305175781,116.46261596679688,1314900
2018-10-16,118.83000183105469,122.0999984741211,118.55999755859375,121.91000366210938,119.76345825195312,1639700
2018-10-17,121.45999908447266,121.58000183105469,118.87000274658203,120.55000305175781,118.42740631103516,1728500
2018-10-18,119.81999969482422,120.5,117.55999755859375,118.44000244140625,116.35455322265625,1792600
2018-10-19,119.16999816894531,119.58000183105469,117.33000183105469,118.31999969482422,116.23666381835938,1499400
2018-10-22,119.16999816894531,119.93000030517578,117.41999816894531,118.5,116.41349792480469,1279800
2018-10-23,116.05999755859375,117.52999877929688,113.69000244140625,117.20999908447266,115.1462173461914,2195600
2018-10-24,118.0,119.38999938964844,113.87000274658203,114.22000122070312,112.20885467529297,2923900
2018-10-25,115.31999969482422,119.0999984741211,113.8499984741211,117.56999969482422,115.49988555908203,4111600
2018-10-26,122.66000366210938,125.44000244140625,118.54000091552734,120.5,118.37828063964844,5645300
2018-10-29,122.22000122070312,125.44999694824219,119.22000122070312,121.7300033569336,119.58662414550781,2884800
2018-10-30,121.27999877929688,125.02999877929688,120.1500015258789,124.48999786376953,122.29802703857422,2452400
2018-10-31,125.87000274658203,126.7300033569336,125.1500015258789,125.43000030517578,123.22148132324219,2391600
2018-11-01,125.66000366210938,127.86000061035156,124.56999969482422,127.62000274658203,125.37293243408203,1912500
2018-11-02,128.27999877929688,128.85000610351562,125.41000366210938,126.51000213623047,124.282470703125,1612300
2018-11-05,126.58999633789062,127.5999984741211,125.04000091552734,126.88999938964844,124.65576934814453,1750600
2018-11-06,126.22000122070312,127.88999938964844,124.61000061035156,125.02999877929688,122.8285140991211,2118300
2018-11-07,126.52999877929688,128.67999267578125,126.30999755859375,128.3800048828125,126.11953735351562,1839800
2018-11-08,128.25,128.69000244140625,124.72000122070312,125.43000030517578,123.22148132324219,1678500
2018-11-09,124.94999694824219,125.97000122070312,123.80999755859375,124.04000091552734,121.85595703125,1676200
2018-11-12,123.87000274658203,124.26000213623047,121.83999633789062,122.25,120.09747314453125,1562500
2018-11-13,122.97000122070312,124.3499984741211,121.4800033569336,122.37999725341797,120.22518157958984,1210200
2018-11-14,123.01000213623047,125.18000030517578,121.41000366210938,121.93000030517578,120.09713745117188,1598000
2018-11-15,121.01000213623047,121.94000244140625,117.88999938964844,119.75,117.94990539550781,2799600
2018-11-16,118.6500015258789,120.98999786376953,115.55999755859375,116.94999694824219,115.1919937133789,2373200
2018-11-19,117.2300033569336,117.38999938964844,112.54000091552734,113.0999984741211,111.39985656738281,2037500
2018-11-20,111.05000305175781,112.87000274658203,110.26000213623047,111.62000274658203,109.9421157836914,1983800
2018-11-21,112.47000122070312,114.93000030517578,112.47000122070312,113.08999633789062,111.39000701904297,1421200
2018-11-23,112.5999984741211,113.72000122070312,112.0199966430664,113.13999938964844,111.43927001953125,573500
2018-11-26,115.0999984741211,117.0,114.62000274658203,116.58000183105469,114.82755279541016,1272000
2018-11-27,115.70999908447266,117.88999938964844,115.36000061035156,117.54000091552734,115.77312469482422,981800
2018-11-28,118.0,120.52999877929688,116.97000122070312,120.16000366210938,118.3537368774414,1286500
2018-11-29,119.4000015258789,120.3499984741211,118.87000274658203,119.73999786376953,117.94004821777344,1109300
2018-11-30,120.16000366210938,121.94000244140625,120.0,120.79000091552734,118.97427368164062,1316100
2018-12-03,123.30000305175781,123.56999969482422,120.02999877929688,120.6500015258789,118.83637237548828,1368000
2018-12-04,120.13999938964844,121.93000030517578,118.47000122070312,118.77999877929688,116.9944839477539,1520800
2018-12-06,116.62000274658203,120.75,116.06999969482422,120.6500015258789,118.83637237548828,1519900
2018-12-07,120.43000030517578,121.56999969482422,117.12999725341797,118.23999786376953,116.46260070800781,1888800
2018-12-10,118.01000213623047,119.69000244140625,117.16999816894531,118.77999877929688,116.9944839477539,1570700
2018-12-11,120.55999755859375,121.70999908447266,118.13999938964844,118.3499984741211,116.5709457397461,1576800
2018-12-12,119.80000305175781,122.76000213623047,119.80000305175781,121.0999984741211,119.27960205078125,1401000
2018-12-13,121.41999816894531,122.12000274658203,118.4000015258789,119.58999633789062,117.79230499267578,1161500
2018-12-14,118.55000305175781,119.37000274658203,117.54000091552734,118.36000061035156,116.58079528808594,986300
2018-12-17,117.66999816894531,119.25,115.6500015258789,116.93000030517578,115.17229461669922,1531300
2018-12-18,117.83999633789062,119.5199966430664,117.11000061035156,118.26000213623047,116.48230743408203,1171400
2018-12-19,118.58000183105469,120.95999908447266,114.12000274658203,115.1500015258789,113.41905212402344,2155400
2018-12-20,115.0,115.83999633789062,112.68000030517578,114.30999755859375,112.5916748046875,1625300
2018-12-21,114.19000244140625,115.37999725341797,109.93000030517578,110.1500015258789,108.49420928955078,2916500
2018-12-24,109.70999908447266,110.58999633789062,108.41000366210938,109.0999984741211,107.45999908447266,718900
2018-12-26,109.80999755859375,114.4000015258789,108.63999938964844,114.19999694824219,112.48332977294922,1903100
2018-12-27,112.2699966430664,114.4800033569336,110.55000305175781,114.37000274658203,112.65077209472656,1347800
2018-12-28,114.06999969482422,114.98999786376953,112.51000213623047,113.29000091552734,111.5870132446289,1364800
2018-12-31,114.33000183105469,114.5999984741211,111.52999877929688,112.6500015258789,110.95663452148438,1162500
2019-01-02,110.4000015258789,113.0,110.19999694824219,111.9800033569336,110.29670715332031,1235100
2019-01-03,111.16999816894531,112.02999877929688,108.11000061035156,108.5199966430664,106.88870239257812,1645100
2019-01-04,111.04000091552734,114.0,110.55999755859375,113.08999633789062,111.39000701904297,2289200
2019-01-07,112.91999816894531,115.25,112.37999725341797,114.55999755859375,112.8379135131836,1232100
2019-01-08,115.44000244140625,117.25,114.41000366210938,116.97000122070312,115.2116928100586,1777200
2019-01-09,113.66000366210938,115.38999938964844,111.5,114.62000274658203,112.89701843261719,2859000
2019-01-10,113.4800033569336,114.7699966430664,113.0199966430664,114.19999694824219,112.48332977294922,1506100
2019-01-11,113.48999786376953,114.25,113.06999969482422,114.22000122070312,112.5030288696289,1001100
2019-01-14,112.8499984741211,115.45999908447266,112.44000244140625,115.20999908447266,113.4781494140625,1475600
2019-01-15,115.4000015258789,116.91000366210938,114.97000122070312,116.7300033569336,114.97529602050781,1324000
2019-01-16,116.69999694824219,117.0,115.26000213623047,116.0,114.25627136230469,915300
2019-01-17,115.45999908447266,117.4800033569336,114.9000015258789,116.70999908447266,114.95559692382812,1208600
2019-01-18,118.0,119.45999908447266,115.76000213623047,118.4800033569336,116.69900512695312,973500
2019-01-22,117.02999877929688,118.01000213623047,114.30000305175781,115.6500015258789,113.91153717041016,1241800
2019-01-23,116.05000305175781,117.33999633789062,115.06999969482422,116.6500015258789,114.8965072631836,1286700
2019-01-24,116.54000091552734,118.27999877929688,115.95999908447266,117.41999816894531,115.65492248535156,959700
2019-01-25,117.75,118.05999755859375,117.0,117.11000061035156,115.34959411621094,1206400
2019-01-28,115.80000305175781,118.16000366210938,115.37000274658203,117.04000091552734,115.28063201904297,939600
2019-01-29,117.0,117.8499984741211,115.83000183105469,117.08000183105469,115.32003784179688,732700
2019-01-30,117.88999938964844,120.08999633789062,117.25,119.41999816894531,117.62486267089844,1114100
2019-01-31,119.12000274658203,120.86000061035156,117.94000244140625,119.25,117.45741271972656,1289800
2019-02-01,119.5199966430664,122.05999755859375,119.36000061035156,121.97000122070312,120.13653564453125,1400700
2019-02-04,121.77999877929688,124.56999969482422,121.69000244140625,123.54000091552734,121.68293762207031,1812400
2019-02-05,124.23999786376953,127.02999877929688,123.93000030517578,126.20999908447266,124.31279754638672,2294300
2019-02-06,126.5999984741211,127.91999816894531,125.36000061035156,127.87999725341797,125.95768737792969,1858400
2019-02-07,127.18000030517578,128.41000366210938,126.27999877929688,127.87000274658203,125.94784545898438,3283400
2019-02-08,135.0,135.1300048828125,129.05999755859375,130.8000030517578,128.83380126953125,5798900
2019-02-11,131.0,132.0,126.3499984741211,126.62999725341797,124.72647094726562,2479000
2019-02-12,127.63999938964844,127.8499984741211,125.86000061035156,126.58000183105469,124.67723083496094,2603600
2019-02-13,125.98999786376953,127.5,125.08000183105469,127.45999908447266,125.54399871826172,1632000
2019-02-14,126.08000183105469,127.80999755859375,125.5,126.76000213623047,124.85453033447266,1253300
2019-02-15,127.25,127.83999633789062,126.44000244140625,127.08999633789062,125.17955780029297,1488100
2019-02-19,124.55999755859375,128.6199951171875,124.30999755859375,128.25,126.32212829589844,1410200
2019-02-20,128.27999877929688,129.6699981689453,127.97000122070312,128.58999633789062,126.65701293945312,951600
2019-02-21,128.3300018310547,128.80999755859375,126.61000061035156,128.10000610351562,126.17439270019531,1161700
2019-02-22,128.27999877929688,129.33999633789062,126.72000122070312,126.9800033569336,125.07122802734375,1190800
2019-02-25,127.81999969482422,128.22999572753906,125.73999786376953,126.16000366210938,124.26355743408203,1444000
2019-02-26,125.94999694824219,128.32000732421875,125.45999908447266,127.55999755859375,125.64250183105469,1639600
2019-02-27,126.9000015258789,129.1199951171875,126.6500015258789,128.1999969482422,126.27288055419922,1628500
2019-02-28,126.30000305175781,126.91999816894531,122.80999755859375,123.30999755859375,121.45639038085938,2602400
2019-03-01,125.18000030517578,125.83999633789062,123.9800033569336,125.2699966430664,123.38692474365234,1330900
2019-03-04,126.04000091552734,126.44999694824219,123.62000274658203,125.0,123.12097930908203,1262700
2019-03-05,125.05999755859375,126.5,124.20999908447266,125.97000122070312,124.07640838623047,1235000
2019-03-06,125.93000030517578,127.5,124.62999725341797,125.27999877929688,123.7110366821289,1363100
2019-03-07,125.0,125.43000030517578,122.47000122070312,123.16000366210938,121.61759185791016,1912600
2019-03-08,121.7699966430664,122.47000122070312,120.70999908447266,121.36000061035156,119.84013366699219,1242500
2019-03-11,122.05999755859375,122.06999969482422,120.33000183105469,121.87000274658203,120.34374237060547,1633500
2019-03-12,121.9800033569336,122.29000091552734,119.27999877929688,120.55000305175781,119.04027557373047,1534400
2019-03-13,120.5199966430664,121.43000030517578,119.52999877929688,120.4800033569336,118.97115325927734,1284800
2019-03-14,121.0199966430664,121.41000366210938,120.13999938964844,120.80000305175781,119.28714752197266,1088500
2019-03-15,121.33000183105469,122.29000091552734,121.05000305175781,121.55999755859375,120.03762817382812,1843700
2019-03-18,121.44999694824219,122.30000305175781,120.87999725341797,121.1500015258789,119.63276672363281,1857600
2019-03-19,121.43000030517578,123.38999938964844,121.1500015258789,122.23999786376953,120.7091064453125,1339900
2019-03-20,122.55000305175781,123.02999877929688,121.3499984741211,122.47000122070312,120.93622589111328,1122200
2019-03-21,122.48999786376953,124.2699966430664,122.04000091552734,124.0999984741211,122.54581451416016,890300
2019-03-22,123.69999694824219,124.27999877929688,121.55999755859375,121.63999938964844,120.11662292480469,1219600
2019-03-25,120.93000030517578,122.45999908447266,120.0,122.08000183105469,120.5511245727539,1024500
2019-03-26,123.16999816894531,124.41999816894531,122.04000091552734,122.0999984741211,120.57085418701172,2181400
2019-03-27,122.62999725341797,122.62999725341797,119.5199966430664,119.80000305175781,118.29967498779297,1860600
2019-03-28,120.0199966430664,120.25,117.97000122070312,119.05999755859375,117.56893157958984,1380400
2019-03-29,119.8499984741211,120.73999786376953,118.93000030517578,119.0,117.50968170166016,1688800
2019-04-01,120.55000305175781,120.80999755859375,119.77999877929688,120.25,118.74403381347656,2331600
2019-04-02,120.0,121.04000091552734,119.8499984741211,120.44000244140625,118.93164825439453,1953100
2019-04-03,121.5,122.45999908447266,121.05000305175781,122.06999969482422,120.5412368774414,1962100
2019-04-04,122.2300033569336,123.06999969482422,121.69000244140625,122.55000305175781,121.0152359008789,794500
2019-04-05,123.16000366210938,124.08999633789062,122.16999816894531,122.5,120.96585083007812,1080200
2019-04-08,122.25,123.31999969482422,122.08999633789062,123.20999908447266,121.66696166992188,1435900
2019-04-09,123.11000061035156,124.25,122.54000091552734,123.94000244140625,122.3878173828125,908500
2019-04-10,123.8499984741211,124.3499984741211,122.1500015258789,124.16000366210938,122.60507202148438,752600
2019-04-11,124.47000122070312,125.0,123.94000244140625,124.58999633789062,123.02967071533203,687400
2019-04-12,125.0999984741211,126.29000091552734,124.75,125.79000091552734,124.21465301513672,1066500
2019-04-15,126.19000244140625,126.19000244140625,124.27999877929688,125.44999694824219,123.87890625,869200
2019-04-16,127.95999908447266,128.24000549316406,125.79000091552734,125.98999786376953,124.41214752197266,2014400
2019-04-17,126.58999633789062,127.05999755859375,123.1500015258789,124.81999969482422,123.25679016113281,1985400
2019-04-18,125.16999816894531,125.16999816894531,123.68000030517578,124.51000213623047,122.95068359375,1154600
2019-04-22,124.33999633789062,124.76000213623047,123.77999877929688,124.3499984741211,122.79267883300781,1591200
2019-04-23,124.44999694824219,126.4800033569336,124.0999984741211,125.87999725341797,124.30352020263672,1631600
2019-04-24,126.0,126.5,124.30999755859375,124.48999786376953,122.93092346191406,1252900
2019-04-25,124.62000274658203,126.38999938964844,123.95999908447266,125.22000122070312,123.65178680419922,1328200
2019-04-26,125.88999938964844,129.1999969482422,125.31999969482422,127.76000213623047,126.15998077392578,1850100
2019-04-29,127.61000061035156,130.63999938964844,127.58999633789062,129.97999572753906,128.35218811035156,1791500
2019-04-30,129.38999938964844,130.10000610351562,128.66000366210938,129.83999633789062,128.21392822265625,1800000
2019-05-01,130.02999877929688,131.7100067138672,128.69000244140625,128.80999755859375,127.19681549072266,1604100
2019-05-02,128.55999755859375,128.92999267578125,126.47000122070312,128.22999572753906,126.62408447265625,2238300
2019-05-03,124.38999938964844,127.18000030517578,123.0,127.0999984741211,125.50823974609375,3869900
2019-05-06,124.5199966430664,125.94000244140625,123.44999694824219,124.08999633789062,122.53592681884766,1889200
2019-05-07,123.0999984741211,125.33999633789062,122.47000122070312,122.87000274658203,121.33122253417969,2425200
2019-05-08,122.2300033569336,122.80000305175781,120.5999984741211,121.87000274658203,120.34374237060547,1574600
2019-05-09,120.05999755859375,120.87000274658203,118.2699966430664,119.30000305175781,117.80593872070312,1550700
2019-05-10,120.2300033569336,120.62000274658203,117.19999694824219,118.76000213623047,117.27268981933594,2343000
2019-05-13,116.16999816894531,117.02999877929688,115.06999969482422,116.7699966430664,115.30760955810547,2155100
2019-05-14,117.55000305175781,119.91999816894531,117.05000305175781,119.55999755859375,118.06267547607422,2271200
2019-05-15,118.69999694824219,120.94999694824219,118.31999969482422,119.13999938964844,117.64793395996094,1724500
2019-05-16,119.33000183105469,120.44000244140625,118.0,118.16999816894531,116.69007873535156,2238700
2019-05-17,117.75,118.22000122070312,116.0199966430664,116.26000213623047,114.80400848388672,1793100
2019-05-20,115.23999786376953,116.97000122070312,114.4800033569336,116.4800033569336,115.02125549316406,2485800
2019-05-21,117.25,117.91000366210938,116.37999725341797,117.4800033569336,116.00872802734375,1450700
2019-05-22,116.26000213623047,117.75,116.26000213623047,116.70999908447266,115.56314086914062,1029900
2019-05-23,114.58000183105469,117.38999938964844,114.58000183105469,116.44000244140625,115.2957992553711,1417300
2019-05-24,117.0,117.73999786376953,115.69000244140625,115.91999816894531,114.7809066772461,1416800
2019-05-28,116.04000091552734,117.22000122070312,115.62999725341797,115.98999786376953,114.85021209716797,1588700
2019-05-29,115.44000244140625,116.5,115.16999816894531,116.0199966430664,114.87992095947266,1460200
2019-05-30,116.11000061035156,116.80999755859375,115.69999694824219,116.0999984741211,114.95913696289062,1381700
2019-05-31,115.16999816894531,116.13999938964844,114.86000061035156,115.0,113.86994934082031,1422800
2019-06-03,114.62000274658203,116.91999816894531,114.62000274658203,116.16999816894531,115.02845001220703,1738300
2019-06-04,117.01000213623047,120.4000015258789,117.01000213623047,120.1500015258789,118.96934509277344,2118100
2019-06-05,120.19999694824219,120.62000274658203,118.77999877929688,120.56999969482422,119.38521575927734,1543900
2019-06-06,121.0,122.2300033569336,119.43000030517578,120.5199966430664,119.33570098876953,1949200
2019-06-07,120.87999725341797,122.94000244140625,120.55999755859375,122.5999984741211,121.395263671875,1384700
2019-06-10,123.19999694824219,124.48999786376953,121.54000091552734,121.75,120.55361938476562,1468200
2019-06-11,122.51000213623047,124.16000366210938,122.5,123.05999755859375,121.85074615478516,1376800
2019-06-12,122.88999938964844,124.51000213623047,122.3499984741211,124.22000122070312,122.99935150146484,1213200
2019-06-13,124.91000366210938,126.33999633789062,124.4800033569336,125.62999725341797,124.39549255371094,1308700
2019-06-14,125.79000091552734,127.83999633789062,124.91999816894531,126.80999755859375,125.56389617919922,1632500
2019-06-17,126.62999725341797,128.39999389648438,126.12000274658203,127.05999755859375,125.81143951416016,1357900
2019-06-18,127.69000244140625,129.1699981689453,127.37000274658203,127.58999633789062,126.33622741699219,1308600
2019-06-19,127.33999633789062,129.94000244140625,126.94999694824219,129.63999938964844,128.36607360839844,1692100
2019-06-20,130.0,130.8000030517578,129.07000732421875,129.60000610351562,128.32647705078125,1305100
2019-06-21,129.67999267578125,131.13999938964844,128.64999389648438,130.47999572753906,129.1978302001953,1731200
2019-06-24,131.0,131.9499969482422,130.1199951171875,130.22999572753906,128.95028686523438,1047400
2019-06-25,130.82000732421875,131.60000610351562,129.69000244140625,129.75,128.47500610351562,1007900
2019-06-26,130.0399932861328,130.7100067138672,127.5199966430664,127.66000366210938,126.40554809570312,1502400
2019-06-27,128.38999938964844,130.32000732421875,127.94999694824219,130.13999938964844,128.86117553710938,1029500
2019-06-28,130.38999938964844,133.2899932861328,130.33999633789062,133.02999877929688,131.72276306152344,1710100
2019-07-01,133.9499969482422,134.1999969482422,132.1199951171875,133.24000549316406,131.93072509765625,1280900
2019-07-02,133.22999572753906,134.0500030517578,132.32000732421875,134.00999450683594,132.69314575195312,1047500
2019-07-03,134.08999633789062,135.0,133.05999755859375,134.8800048828125,133.5546112060547,733600
2019-07-05,134.16000366210938,135.1699981689453,132.9199981689453,135.1199951171875,133.792236328125,736400
2019-07-08,134.5800018310547,135.02999877929688,132.1300048828125,132.47999572753906,131.17819213867188,1127600
2019-07-09,132.16000366210938,133.7100067138672,132.16000366210938,133.4499969482422,132.13865661621094,827200
2019-07-10,133.8300018310547,134.49000549316406,132.77000427246094,133.3000030517578,131.99012756347656,1143600
2019-07-11,133.3300018310547,133.99000549316406,132.8699951171875,133.94000244140625,132.62384033203125,994900
2019-07-12,134.11000061035156,134.75999450683594,133.7100067138672,134.5800018310547,133.25753784179688,1044700
2019-07-15,135.0,135.1999969482422,133.89999389648438,134.74000549316406,133.4159698486328,1472600
2019-07-16,135.0,136.5399932861328,134.60000610351562,136.3699951171875,135.0299530029297,1314600
2019-07-17,136.13999938964844,137.16000366210938,135.11000061035156,135.13999938964844,133.81202697753906,1229800
2019-07-18,134.1300048828125,137.13999938964844,134.1199951171875,136.47000122070312,135.12896728515625,1459800
2019-07-19,136.5,137.3800048828125,135.05999755859375,135.10000610351562,133.77243041992188,1554700
2019-07-22,134.82000732421875,136.74000549316406,134.5,136.02000427246094,134.6833953857422,1717400
2019-07-23,136.5,137.6300048828125,135.99000549316406,137.30999755859375,135.96072387695312,1239900
2019-07-24,136.80999755859375,138.44000244140625,136.02000427246094,137.82000732421875,136.46571350097656,1832100
2019-07-25,138.41000366210938,139.49000549316406,137.77000427246094,138.2100067138672,136.8518829345703,2320600
2019-07-26,140.97999572753906,144.0,138.72999572753906,139.4199981689453,138.04998779296875,9142800
2019-07-29,138.89999389648438,139.97999572753906,137.27000427246094,138.7100067138672,137.34698486328125,2162000
2019-07-30,136.5399932861328,137.0800018310547,133.69000244140625,135.25,133.92095947265625,2853600
2019-07-31,137.2899932861328,137.2899932861328,131.3000030517578,132.74000549316406,131.4356231689453,2543400
2019-08-01,132.91000366210938,133.47999572753906,130.57000732421875,131.41000366210938,130.1186981201172,2839100
2019-08-02,130.58999633789062,132.02999877929688,128.88999938964844,129.1699981689453,127.90071105957031,2430500
2019-08-05,126.9000015258789,128.27999877929688,125.47000122070312,126.5,125.25694274902344,1716000
2019-08-06,127.31999969482422,128.13999938964844,125.91999816894531,127.05999755859375,125.81143951416016,1472000
2019-08-07,125.54000091552734,127.44999694824219,124.69999694824219,127.16999816894531,125.92035675048828,1740700
2019-08-08,128.35000610351562,131.33999633789062,127.30999755859375,130.47000122070312,129.18792724609375,1963800
2019-08-09,129.9199981689453,130.6999969482422,128.00999450683594,128.9199981689453,127.65316772460938,1627300
2019-08-12,128.1699981689453,128.55999755859375,127.23999786376953,128.02000427246094,126.76200866699219,1387800
2019-08-13,128.2899932861328,130.5,128.00999450683594,129.14999389648438,127.88089752197266,1336400
2019-08-14,127.94000244140625,128.3000030517578,125.45999908447266,126.6500015258789,125.40547180175781,2121600
2019-08-15,127.16000366210938,127.69999694824219,126.0,126.80000305175781,125.55399322509766,1386700
2019-08-16,127.51000213623047,128.66000366210938,126.88999938964844,128.60000610351562,127.3363037109375,1053000
2019-08-19,129.97999572753906,131.11000061035156,129.1300048828125,130.8000030517578,129.5146942138672,2582000
2019-08-20,130.1999969482422,131.1699981689453,129.97999572753906,130.6199951171875,129.33645629882812,1099400
2019-08-21,131.38999938964844,131.5399932861328,130.16000366210938,130.88999938964844,129.94204711914062,1005000
2019-08-22,131.05999755859375,131.64999389648438,129.19000244140625,130.7100067138672,129.7633514404297,1048000
2019-08-23,129.74000549316406,130.5399932861328,127.0,127.5199966430664,126.59645080566406,1363200
2019-08-26,128.64999389648438,128.66000366210938,127.44000244140625,128.5,127.5693588256836,1040100
2019-08-27,128.91000366210938,129.69000244140625,127.45999908447266,128.4600067138672,127.52964782714844,1358700
2019-08-28,127.56999969482422,129.91000366210938,127.04000091552734,129.3800048828125,128.4429931640625,993600
2019-08-29,130.69000244140625,131.74000549316406,129.66000366210938,130.00999450683594,129.0684051513672,1346300
2019-08-30,130.8300018310547,131.3699951171875,129.5399932861328,130.10000610351562,129.15777587890625,760800
2019-09-03,129.05999755859375,130.3800048828125,128.10000610351562,128.77999877929688,127.84732055664062,1052500
2019-09-04,129.72000122070312,130.07000732421875,127.9800033569336,128.6999969482422,127.76789855957031,1049500
2019-09-05,130.47000122070312,131.99000549316406,129.5399932861328,131.5500030517578,130.59725952148438,1384200
2019-09-06,131.52000427246094,133.80999755859375,131.36000061035156,131.7100067138672,130.75611877441406,1406700
2019-09-09,130.49000549316406,131.52000427246094,129.77000427246094,131.2100067138672,130.2597198486328,1772700
2019-09-10,131.2100067138672,131.2100067138672,128.22999572753906,130.1699981689453,129.22726440429688,1789100
2019-09-11,129.60000610351562,130.61000061035156,128.9499969482422,130.5500030517578,129.60450744628906,1250300
2019-09-12,130.89999389648438,132.27999877929688,130.5800018310547,131.64999389648438,130.696533203125,1216700
2019-09-13,132.6699981689453,133.02000427246094,131.74000549316406,132.3000030517578,131.3418426513672,1074900
2019-09-16,131.5399932861328,132.02999877929688,129.85000610351562,131.27999877929688,130.32920837402344,1272600
2019-09-17,131.3800048828125,132.89999389648438,130.22999572753906,132.69000244140625,131.72901916503906,1396500
2019-09-18,132.27999877929688,134.0800018310547,132.1999969482422,133.80999755859375,132.8408966064453,1744300
2019-09-19,134.33999633789062,135.97999572753906,133.77999877929688,134.47999572753906,133.50604248046875,1998000
2019-09-20,135.4199981689453,135.8000030517578,133.35000610351562,134.17999267578125,133.2082061767578,2206200
2019-09-23,133.7899932861328,134.5399932861328,131.72999572753906,132.3699951171875,131.41131591796875,1428500
2019-09-24,133.1699981689453,133.77000427246094,131.38999938964844,132.60000610351562,131.63966369628906,1820200
2019-09-25,132.6300048828125,134.32000732421875,131.57000732421875,133.60000610351562,132.63243103027344,1407700
2019-09-26,133.02999877929688,133.74000549316406,131.8800048828125,132.8699951171875,131.90769958496094,1292100
2019-09-27,133.4600067138672,134.0,131.00999450683594,132.1699981689453,131.2127685546875,1296100
2019-09-30,132.55999755859375,135.0500030517578,132.55999755859375,134.41000366210938,133.43655395507812,1223400
2019-10-01,134.4600067138672,135.2899932861328,133.85000610351562,133.91000366210938,132.940185546875,990700
2019-10-02,133.77000427246094,134.4199981689453,131.74000549316406,132.6699981689453,131.70913696289062,1501000
2019-10-03,132.6199951171875,133.2899932861328,131.30999755859375,133.25,132.28494262695312,1197100
2019-10-04,133.22999572753906,133.75,132.6300048828125,133.22000122070312,132.2551727294922,896300
2019-10-07,132.5399932861328,133.07000732421875,131.3000030517578,132.35000610351562,131.3914794921875,800800
2019-10-08,131.39999389648438,132.8300018310547,130.38999938964844,131.5500030517578,130.59725952148438,727900
2019-10-09,132.72000122070312,133.97000122070312,132.44000244140625,133.5500030517578,132.58277893066406,774700
2019-10-10,133.3800048828125,136.41000366210938,133.3800048828125,135.99000549316406,135.00511169433594,1279600
2019-10-11,137.86000061035156,139.8800048828125,137.6199951171875,138.27000427246094,137.2686004638672,1287700
2019-10-14,138.11000061035156,138.6699981689453,136.5500030517578,136.7100067138672,135.7198944091797,935000
2019-10-15,137.3000030517578,137.92999267578125,136.3300018310547,137.25,136.2559814453125,977800
2019-10-16,136.8800048828125,139.2100067138672,136.8800048828125,138.25999450683594,137.25865173339844,1008000
2019-10-17,138.6699981689453,138.6699981689453,137.02000427246094,138.47999572753906,137.47706604003906,711100
2019-10-18,138.22000122070312,138.33999633789062,135.4600067138672,136.02999877929688,135.04481506347656,1061900
2019-10-21,136.91000366210938,137.75,136.14999389648438,136.25999450683594,135.2731475830078,1014700
2019-10-22,136.77000427246094,137.75,136.4199981689453,136.64999389648438,135.66030883789062,968900
2019-10-23,136.22000122070312,138.30999755859375,136.22000122070312,138.30999755859375,137.3083038330078,1122600
2019-10-24,138.38999938964844,139.32000732421875,135.52999877929688,137.13999938964844,136.1467742919922,2139800
2019-10-25,136.94000244140625,138.42999267578125,135.75999450683594,137.05999755859375,136.06735229492188,2345700
2019-10-28,137.11000061035156,138.89999389648438,137.05999755859375,138.08999633789062,137.0898895263672,949600
2019-10-29,137.97999572753906,138.0399932861328,136.02000427246094,137.14999389648438,136.15670776367188,1089400
2019-10-30,136.99000549316406,137.10000610351562,135.6199951171875,136.4499969482422,135.46177673339844,971000
2019-10-31,136.16000366210938,137.22000122070312,134.9600067138672,136.66000366210938,135.67025756835938,1156900
2019-11-01,137.47999572753906,138.19000244140625,136.92999267578125,137.8000030517578,136.802001953125,1661600
2019-11-04,138.72000122070312,138.72000122070312,135.00999450683594,135.1999969482422,134.2208251953125,1969700
2019-11-05,135.0500030517578,137.14999389648438,134.6699981689453,135.02000427246094,134.04212951660156,1916300
2019-11-06,135.42999267578125,136.64999389648438,134.27000427246094,135.36000061035156,134.37966918945312,3347900
2019-11-07,115.1500015258789,115.43000030517578,97.05000305175781,98.29000091552734,97.57814025878906,30819900
2019-11-08,99.23999786376953,101.98999786376953,99.06999969482422,101.31999969482422,100.5862045288086,10007800
2019-11-11,100.95999908447266,100.97000122070312,98.5199966430664,99.06999969482422,98.35249328613281,5832100
2019-11-12,98.62000274658203,98.69000244140625,95.62000274658203,95.66000366210938,94.96719360351562,7972400
2019-11-13,96.04000091552734,97.69999694824219,95.30000305175781,95.5999984741211,94.90762329101562,3335400
2019-11-14,95.33000183105469,95.77999877929688,94.0999984741211,95.58000183105469,94.88777923583984,3483800
2019-11-15,96.01000213623047,96.2300033569336,95.13999938964844,95.66999816894531,94.97711944580078,2935700
2019-11-18,95.5999984741211,96.1500015258789,94.91000366210938,95.13999938964844,94.7878189086914,3256300
2019-11-19,95.25,95.2699966430664,93.52999877929688,94.87999725341797,94.52877807617188,3096700
2019-11-20,94.45999908447266,95.05000305175781,93.87999725341797,94.30999755859375,93.96089172363281,2387600
2019-11-21,94.62999725341797,95.18000030517578,94.13999938964844,94.69999694824219,94.34944915771484,2572600
2019-11-22,94.81999969482422,96.81999969482422,94.69000244140625,96.62999725341797,96.27230072021484,2782800
2019-11-25,97.41000366210938,98.9800033569336,97.26000213623047,98.43000030517578,98.06564331054688,2842800
2019-11-26,98.83000183105469,99.91000366210938,98.66999816894531,99.30000305175781,98.93242645263672,2871300
2019-11-27,99.30000305175781,102.1500015258789,99.30000305175781,101.51000213623047,101.13424682617188,2719700
2019-11-29,101.91999816894531,102.87000274658203,101.37999725341797,101.66000366210938,101.28369140625,1759800
2019-12-02,101.52999877929688,101.66000366210938,99.87999725341797,100.75,100.3770523071289,2958100
2019-12-03,99.7699966430664,99.93000030517578,99.18000030517578,99.38999938964844,99.02208709716797,2335100
2019-12-04,106.0999984741211,109.31999969482422,102.5999984741211,105.55999755859375,105.16925048828125,16733800
2019-12-05,105.05999755859375,106.98999786376953,104.23999786376953,105.68000030517578,105.28880310058594,5457000
2019-12-06,107.05000305175781,109.08000183105469,106.66999816894531,107.58000183105469,107.18177795410156,4764800
2019-12-09,108.36000061035156,109.44000244140625,107.6500015258789,108.80000305175781,108.39726257324219,2824000
2019-12-10,109.62000274658203,113.16999816894531,109.11000061035156,111.8499984741211,111.43596649169922,4827300
2019-12-11,111.8499984741211,112.44999694824219,110.83999633789062,111.95999908447266,111.5455551147461,2505600
2019-12-12,112.44000244140625,113.95999908447266,112.4000015258789,113.5,113.0798568725586,2346900
2019-12-13,113.61000061035156,114.55000305175781,112.72000122070312,112.76000213623047,112.34259796142578,2110500
2019-12-16,113.5999984741211,114.5199966430664,113.51000213623047,114.2300033569336,113.80715942382812,2272900
2019-12-17,114.0999984741211,114.19999694824219,111.06999969482422,111.51000213623047,111.09722900390625,3523600
2019-12-18,111.55000305175781,111.63999938964844,110.12999725341797,110.5,110.0909652709961,3007000
2019-12-19,110.38999938964844,111.01000213623047,108.9000015258789,109.0999984741211,108.6961441040039,3695000
2019-12-20,109.12999725341797,110.94999694824219,108.01000213623047,110.08000183105469,109.67252349853516,5047900
2019-12-23,110.23999786376953,110.55999755859375,107.95999908447266,108.0,107.6002197265625,2543300
2019-12-24,108.37000274658203,109.29000091552734,108.0199966430664,108.7699966430664,108.36736297607422,1684700
2019-12-26,108.75,109.5,108.7300033569336,109.06999969482422,108.666259765625,1847900
2019-12-27,109.23999786376953,109.56999969482422,108.27999877929688,108.31999969482422,107.91902923583984,1647100
2019-12-30,108.19999694824219,108.76000213623047,107.61000061035156,107.7699966430664,107.37106323242188,1555600
2019-12-31,107.62000274658203,108.27999877929688,107.30000305175781,108.13999938964844,107.73970031738281,1824500
2020-01-02,108.87000274658203,111.1500015258789,108.77999877929688,110.9800033569336,110.5691909790039,3481200
2020-01-03,109.58999633789062,110.44000244140625,108.3499984741211,109.12999725341797,108.72602844238281,2027100
2020-01-06,108.16000366210938,109.06999969482422,107.80000305175781,108.73999786376953,108.33747863769531,2218300
2020-01-07,108.68000030517578,110.30000305175781,108.5,110.0199966430664,109.61273956298828,1813100
2020-01-08,110.19999694824219,110.9800033569336,108.05999755859375,108.62000274658203,108.21792602539062,1990000
2020-01-09,109.12000274658203,110.06999969482422,108.8499984741211,109.76000213623047,109.35370635986328,1746000
2020-01-10,109.8499984741211,111.05000305175781,109.41999816894531,110.69000244140625,110.28026580810547,1781500
2020-01-13,111.25,111.37000274658203,110.05000305175781,110.58999633789062,110.18062591552734,1544700
2020-01-14,110.41999816894531,110.80000305175781,109.58000183105469,110.41000366210938,110.00129699707031,1159300
2020-01-15,110.55999755859375,111.33999633789062,110.33000183105469,110.73999786376953,110.33007049560547,2080600
2020-01-16,111.0999984741211,112.16000366210938,110.63999938964844,111.73999786376953,111.32637023925781,1650300
2020-01-17,112.19000244140625,112.55999755859375,110.97000122070312,111.81999969482422,111.40607452392578,1795100
2020-01-21,110.72000122070312,110.97000122070312,108.80999755859375,110.16999816894531,109.7621841430664,3218400
2020-01-22,110.70999908447266,111.87000274658203,109.87999725341797,110.02999877929688,109.6227035522461,1578400
2020-01-23,109.45999908447266,114.08999633789062,109.25,113.7300033569336,113.30901336669922,3225400
2020-01-24,114.12000274658203,114.27999877929688,111.7300033569336,112.13999938964844,111.72489166259766,1693600
2020-01-27,106.88999938964844,109.88999938964844,106.88999938964844,109.08000183105469,108.67622375488281,2036500
2020-01-28,109.56999969482422,110.4000015258789,109.0,109.11000061035156,108.70610809326172,1666900
2020-01-29,109.31999969482422,110.19999694824219,108.36000061035156,109.55000305175781,109.14448547363281,1239400
2020-01-30,106.56999969482422,109.2300033569336,106.27999877929688,109.0999984741211,108.6961441040039,2083400
2020-01-31,109.08000183105469,109.36000061035156,107.04000091552734,108.44999694824219,108.04854583740234,3281400
2020-02-03,108.95999908447266,110.05000305175781,107.37999725341797,107.80000305175781,107.40096282958984,2970800
2020-02-04,109.02999877929688,111.33999633789062,108.80000305175781,110.66000366210938,110.25037384033203,1825900
2020-02-05,111.77999877929688,111.95999908447266,109.76000213623047,111.0999984741211,110.6887435913086,1238700
2020-02-06,111.41000366210938,112.2300033569336,110.79000091552734,111.75,111.33633422851562,1233200
2020-02-07,111.44999694824219,111.52999877929688,109.80000305175781,110.08999633789062,109.68247985839844,1798900
2020-02-10,109.66000366210938,109.81999969482422,108.19000244140625,108.70999908447266,108.30758666992188,2039300
2020-02-11,109.29000091552734,110.05999755859375,108.33999633789062,109.19999694824219,108.7957763671875,2065300
2020-02-12,109.81999969482422,111.06999969482422,109.5999984741211,110.97000122070312,110.5592269897461,2656800
2020-02-13,110.0,111.97000122070312,110.0,110.58999633789062,110.18062591552734,3732300
2020-02-14,124.05000305175781,124.73999786376953,120.0199966430664,122.80000305175781,122.3454360961914,10382900
2020-02-18,122.06999969482422,124.56999969482422,120.91999816894531,121.0999984741211,120.65172576904297,3219000
2020-02-19,120.9800033569336,122.80999755859375,119.29000091552734,121.87999725341797,121.4288330078125,3216900
2020-02-20,121.19999694824219,123.75,121.12000274658203,121.66000366210938,121.20965576171875,2184400
2020-02-21,120.5,121.63999938964844,119.91000366210938,120.12000274658203,119.67535400390625,2060400
2020-02-24,113.16999816894531,114.44000244140625,110.56999969482422,112.30999755859375,111.8942642211914,4563600
2020-02-25,113.79000091552734,114.08999633789062,107.61000061035156,108.91000366210938,108.50685119628906,3447200
2020-02-26,109.4000015258789,109.69999694824219,100.61000061035156,101.19000244140625,100.8154296875,5075600
2020-02-27,98.56999969482422,103.9000015258789,94.62000274658203,98.70999908447266,98.3446044921875,6148300
2020-02-28,95.83000183105469,99.77999877929688,95.23999786376953,98.62000274658203,98.25494384765625,5328300
2020-03-02,97.72000122070312,98.16999816894531,93.79000091552734,96.7300033569336,96.37194061279297,4849000
2020-03-03,96.47000122070312,98.9800033569336,93.69000244140625,95.19000244140625,94.83763885498047,3376400
2020-03-04,96.22000122070312,97.19999694824219,93.01000213623047,97.13999938964844,96.7804183959961,3954200
2020-03-05,94.29000091552734,94.48999786376953,90.5999984741211,91.51000213623047,91.17125701904297,4449800
2020-03-06,88.26000213623047,92.94000244140625,87.98999786376953,91.8499984741211,91.51000213623047,4773900
2020-03-09,84.4000015258789,87.5,82.0,86.30000305175781,86.30000305175781,4359000
2020-03-10,88.47000122070312,89.98999786376953,82.0,85.93000030517578,85.93000030517578,3947700
2020-03-11,83.23999786376953,83.63999938964844,75.55999755859375,76.66999816894531,76.66999816894531,6358200
2020-03-12,65.98999786376953,71.30999755859375,64.30000305175781,65.04000091552734,65.04000091552734,6498800
2020-03-13,68.5999984741211,69.9800033569336,58.560001373291016,69.62999725341797,69.62999725341797,9199200
2020-03-16,60.0,63.970001220703125,53.52000045776367,54.70000076293945,54.70000076293945,5743800
2020-03-17,54.27000045776367,57.9900016784668,49.630001068115234,54.119998931884766,54.119998931884766,7689200
2020-03-18,47.02000045776367,48.13999938964844,40.7599983215332,45.650001525878906,45.650001525878906,7369900
2020-03-19,44.59000015258789,52.75,43.0,48.43000030517578,48.43000030517578,8405200
2020-03-20,50.400001525878906,56.88999938964844,45.47999954223633,48.79999923706055,48.79999923706055,7312100
2020-03-23,49.20000076293945,54.459999084472656,46.290000915527344,50.849998474121094,50.849998474121094,6602100
2020-03-24,54.31999969482422,61.970001220703125,53.849998474121094,59.47999954223633,59.47999954223633,4982600
2020-03-25,62.099998474121094,70.70999908447266,59.08000183105469,65.88999938964844,65.88999938964844,5872200
2020-03-26,64.66000366210938,66.29000091552734,60.86000061035156,64.41000366210938,64.41000366210938,5244600
2020-03-27,61.91999816894531,61.91999816894531,57.70000076293945,60.029998779296875,60.029998779296875,4990300
2020-03-30,60.0099983215332,60.029998779296875,54.130001068115234,56.38999938964844,56.38999938964844,5845600
2020-03-31,56.33000183105469,61.34000015258789,55.2599983215332,56.27000045776367,56.27000045776367,4767200
2020-04-01,52.86000061035156,53.689998626708984,50.279998779296875,52.0,52.0,4743100
2020-04-02,51.0,54.4900016784668,46.79999923706055,47.86000061035156,47.86000061035156,4987600
2020-04-03,48.040000915527344,48.810001373291016,46.150001525878906,48.709999084472656,48.709999084472656,3753400
2020-04-06,52.38999938964844,53.88999938964844,51.150001525878906,52.83000183105469,52.83000183105469,5498800
2020-04-07,59.880001068115234,61.47999954223633,54.41999816894531,56.5099983215332,56.5099983215332,6205000
2020-04-08,58.75,61.9900016784668,57.9900016784668,60.54999923706055,60.54999923706055,5534700
2020-04-09,64.04000091552734,66.05999755859375,61.27000045776367,62.41999816894531,62.41999816894531,5275700
2020-04-13,62.38999938964844,63.0,58.06999969482422,58.790000915527344,58.790000915527344,3206600
2020-04-14,61.369998931884766,62.380001068115234,59.439998626708984,61.58000183105469,61.58000183105469,4060400
2020-04-15,58.65999984741211,61.18000030517578,57.290000915527344,60.560001373291016,60.560001373291016,3814700
2020-04-16,59.61000061035156,59.939998626708984,55.83000183105469,58.220001220703125,58.220001220703125,5386200
2020-04-17,62.04999923706055,63.77000045776367,61.02000045776367,63.220001220703125,63.220001220703125,4584200
2020-04-20,61.68000030517578,63.279998779296875,59.869998931884766,59.95000076293945,59.95000076293945,4036800
2020-04-21,58.09000015258789,58.59000015258789,55.22999954223633,57.25,57.25,3911000
2020-04-22,62.5,64.12000274658203,60.7599983215332,61.41999816894531,61.41999816894531,5621700
2020-04-23,61.84000015258789,67.36000061035156,61.84000015258789,63.369998931884766,63.369998931884766,8139300
2020-04-24,65.2699966430664,67.23999786376953,63.29999923706055,66.56999969482422,66.56999969482422,4397800
2020-04-27,67.36000061035156,69.68000030517578,66.75,69.1500015258789,69.1500015258789,4027300
2020-04-28,70.88999938964844,73.25,70.0999984741211,71.83999633789062,71.83999633789062,3837500
2020-04-29,75.69999694824219,76.54000091552734,74.66000366210938,74.83000183105469,74.83000183105469,4846300
2020-04-30,73.73999786376953,73.9800033569336,68.91999816894531,70.9800033569336,70.9800033569336,4567400
2020-05-01,68.13999938964844,69.91000366210938,66.37000274658203,67.29000091552734,67.29000091552734,3483200
2020-05-04,65.0,67.44000244140625,62.599998474121094,67.0199966430664,67.0199966430664,3071600
2020-05-05,68.41000366210938,68.41000366210938,63.79999923706055,64.08000183105469,64.08000183105469,5488400
2020-05-06,64.79000091552734,65.9800033569336,63.150001525878906,64.37999725341797,64.37999725341797,2495600
2020-05-07,65.0999984741211,67.30000305175781,65.0999984741211,66.45999908447266,66.45999908447266,2542700
2020-05-08,66.56999969482422,69.48999786376953,66.05000305175781,69.2699966430664,69.2699966430664,2760200
2020-05-11,68.52999877929688,69.37999725341797,67.44000244140625,67.62000274658203,67.62000274658203,1978100
2020-05-12,67.83000183105469,68.41999816894531,64.98999786376953,64.98999786376953,64.98999786376953,3290600
2020-05-13,64.63999938964844,64.75,60.599998474121094,62.0099983215332,62.0099983215332,4480500
2020-05-14,60.54999923706055,64.5199966430664,58.38999938964844,64.37000274658203,64.37000274658203,3616100
2020-05-15,63.720001220703125,67.16000366210938,62.86000061035156,66.76000213623047,66.76000213623047,2886900
2020-05-18,70.73999786376953,80.45999908447266,70.73999786376953,79.19000244140625,79.19000244140625,12331400
2020-05-19,77.36000061035156,79.44999694824219,76.33999633789062,76.3499984741211,76.3499984741211,4969000
2020-05-20,78.51000213623047,79.88999938964844,76.6500015258789,79.58000183105469,79.58000183105469,5891400
2020-05-21,82.58999633789062,83.11000061035156,75.13999938964844,77.01000213623047,77.01000213623047,11953500
2020-05-22,76.95999908447266,78.73999786376953,74.80999755859375,77.94999694824219,77.94999694824219,3481800
2020-05-26,83.3499984741211,86.3499984741211,82.12999725341797,82.81999969482422,82.81999969482422,6863900
2020-05-27,86.18000030517578,86.87999725341797,80.48999786376953,81.61000061035156,81.61000061035156,7131700
2020-05-28,81.80999755859375,81.9800033569336,78.01000213623047,78.77999877929688,78.77999877929688,6356100
2020-05-29,78.66000366210938,80.13999938964844,76.02999877929688,79.4800033569336,79.4800033569336,6801100
2020-06-01,79.5,83.16999816894531,78.83999633789062,82.41999816894531,82.41999816894531,3796100
2020-06-02,83.25,84.62999725341797,82.08000183105469,84.22000122070312,84.22000122070312,3968200
2020-06-03,86.18000030517578,89.7699966430664,86.16000366210938,89.13999938964844,89.13999938964844,6050100
2020-06-04,89.7699966430664,91.41000366210938,87.58000183105469,89.87999725341797,89.87999725341797,3662700
2020-06-05,94.54000091552734,95.26000213623047,91.12000274658203,93.05999755859375,93.05999755859375,6752500
2020-06-08,95.30000305175781,97.58999633789062,92.63999938964844,93.98999786376953,93.98999786376953,4695200
2020-06-09,91.12000274658203,91.8499984741211,88.51000213623047,88.69999694824219,88.69999694824219,4549900
2020-06-10,89.36000061035156,89.75,83.83000183105469,87.37000274658203,87.37000274658203,5757600
2020-06-11,81.77999877929688,83.7300033569336,77.30000305175781,77.7300033569336,77.7300033569336,6088600
2020-06-12,82.51000213623047,84.2300033569336,79.33000183105469,82.5199966430664,82.5199966430664,3884300
2020-06-15,79.33999633789062,84.91000366210938,78.16000366210938,84.2699966430664,84.2699966430664,3427300
2020-06-16,88.2300033569336,89.18000030517578,83.01000213623047,85.30000305175781,85.30000305175781,3604500
2020-06-17,86.02999877929688,86.08000183105469,83.55999755859375,84.66999816894531,84.66999816894531,3161400
2020-06-18,83.62000274658203,86.69999694824219,83.12999725341797,84.4000015258789,84.4000015258789,2359100
2020-06-19,85.69000244140625,86.2699966430664,81.80000305175781,82.05999755859375,82.05999755859375,4972300
2020-06-22,82.68000030517578,83.2699966430664,80.33000183105469,83.12000274658203,83.12000274658203,2798600
2020-06-23,84.87000274658203,87.02999877929688,83.69999694824219,86.5999984741211,86.5999984741211,3109200
2020-06-24,86.2699966430664,86.27999877929688,78.83000183105469,81.23999786376953,81.23999786376953,6730200
2020-06-25,80.79000091552734,82.9000015258789,79.54000091552734,82.72000122070312,82.72000122070312,3954800
2020-06-26,82.98999786376953,83.94999694824219,77.33000183105469,77.58999633789062,77.58999633789062,8055900
2020-06-29,78.01000213623047,82.81999969482422,75.75,82.66999816894531,82.66999816894531,4752300
2020-06-30,83.1500015258789,83.1500015258789,80.8499984741211,82.19999694824219,82.19999694824219,3119800
2020-07-01,83.20999908447266,86.11000061035156,82.38999938964844,84.44000244140625,84.44000244140625,3163200
2020-07-02,86.4800033569336,88.08000183105469,83.47000122070312,84.88999938964844,84.88999938964844,2916200
2020-07-06,88.58999633789062,89.81999969482422,83.98999786376953,87.33999633789062,87.33999633789062,4336600
2020-07-07,85.87000274658203,86.22000122070312,83.66999816894531,85.05000305175781,85.05000305175781,2833300
2020-07-08,84.80999755859375,84.98999786376953,81.95999908447266,84.19999694824219,84.19999694824219,4197900
2020-07-09,83.94000244140625,84.13999938964844,79.1500015258789,81.55999755859375,81.55999755859375,5708600
2020-07-10,81.04000091552734,84.08999633789062,80.05000305175781,83.54000091552734,83.54000091552734,4013000
2020-07-13,84.44999694824219,86.06999969482422,81.4800033569336,81.58000183105469,81.58000183105469,3714400
2020-07-14,80.83000183105469,82.6500015258789,80.31999969482422,82.47000122070312,82.47000122070312,2344700
2020-07-15,86.26000213623047,91.29000091552734,86.12999725341797,90.2300033569336,90.2300033569336,5597200
2020-07-16,88.44999694824219,89.06999969482422,86.44999694824219,87.16999816894531,87.16999816894531,2458500
2020-07-17,87.20999908447266,87.25,85.56999969482422,86.87000274658203,86.87000274658203,1631400
2020-07-20,86.08999633789062,87.55000305175781,84.52999877929688,86.88999938964844,86.88999938964844,1924800
2020-07-21,87.72000122070312,89.11000061035156,86.69999694824219,87.52999877929688,87.52999877929688,1900000
2020-07-22,86.87999725341797,87.80000305175781,85.98999786376953,87.68000030517578,87.68000030517578,2082000
2020-07-23,87.0999984741211,87.2300033569336,83.75,85.16999816894531,85.16999816894531,2873600
2020-07-24,84.86000061035156,85.5999984741211,83.29000091552734,83.72000122070312,83.72000122070312,2502900
2020-07-27,83.4000015258789,84.80000305175781,80.69999694824219,84.41999816894531,84.41999816894531,2423600
2020-07-28,84.19000244140625,85.4800033569336,83.4800033569336,83.68000030517578,83.68000030517578,1516400
2020-07-29,84.01000213623047,85.66999816894531,82.2699966430664,85.31999969482422,85.31999969482422,1859500
2020-07-30,83.91000366210938,85.08000183105469,81.4800033569336,84.93000030517578,84.93000030517578,2841300
2020-07-31,80.83000183105469,81.31999969482422,76.75,81.01000213623047,81.01000213623047,10891400
2020-08-03,81.0999984741211,82.29000091552734,79.41999816894531,79.95999908447266,79.95999908447266,3514000
2020-08-04,79.86000061035156,81.4000015258789,79.06999969482422,79.73999786376953,79.73999786376953,4332800
2020-08-05,80.95999908447266,82.80000305175781,80.5,82.58000183105469,82.58000183105469,2757000
2020-08-06,81.80999755859375,85.58000183105469,81.4800033569336,84.20999908447266,84.20999908447266,3157300
2020-08-07,83.4800033569336,84.05000305175781,80.88999938964844,82.55999755859375,82.55999755859375,3199700
2020-08-10,83.11000061035156,86.37000274658203,83.0999984741211,84.91000366210938,84.91000366210938,2585400
2020-08-11,87.5999984741211,90.69000244140625,87.41999816894531,88.12000274658203,88.12000274658203,4140900
2020-08-12,88.3499984741211,88.98999786376953,85.7300033569336,86.94999694824219,86.94999694824219,1937900
2020-08-13,86.94999694824219,88.76000213623047,86.13999938964844,86.97000122070312,86.97000122070312,1585000
2020-08-14,86.55999755859375,86.98999786376953,85.44000244140625,86.7300033569336,86.7300033569336,1830700
2020-08-17,87.37000274658203,87.83000183105469,85.66000366210938,87.69999694824219,87.69999694824219,1909400
2020-08-18,87.16000366210938,88.72000122070312,86.68000030517578,88.5,88.5,1740500
2020-08-19,88.13999938964844,88.81999969482422,87.0,87.68000030517578,87.68000030517578,2428600
2020-08-20,86.97000122070312,89.20999908447266,86.76000213623047,88.66999816894531,88.66999816894531,1256300
2020-08-21,88.2300033569336,91.30000305175781,87.97000122070312,91.0999984741211,91.0999984741211,2582900
2020-08-24,92.1500015258789,95.97000122070312,91.55000305175781,95.45999908447266,95.45999908447266,4114000
2020-08-25,95.58999633789062,96.62999725341797,93.33000183105469,96.41999816894531,96.41999816894531,2377000
2020-08-26,96.0,96.81999969482422,94.94000244140625,95.11000061035156,95.11000061035156,2099100
2020-08-27,96.0999984741211,98.4800033569336,95.7699966430664,97.73999786376953,97.73999786376953,2765600
2020-08-28,98.7300033569336,101.44999694824219,97.9000015258789,100.88999938964844,100.88999938964844,3020100
2020-08-31,101.0199966430664,101.0199966430664,98.06999969482422,98.1500015258789,98.1500015258789,2817400
2020-09-01,97.5999984741211,99.33000183105469,96.69000244140625,99.25,99.25,1967800
2020-09-02,100.45999908447266,103.48999786376953,99.19999694824219,102.94000244140625,102.94000244140625,3812800
2020-09-03,101.72000122070312,104.05000305175781,99.20999908447266,100.29000091552734,100.29000091552734,3888100
2020-09-04,101.12000274658203,102.29000091552734,97.08000183105469,99.80000305175781,99.80000305175781,3345400
2020-09-08,98.26000213623047,100.83999633789062,97.4800033569336,99.2699966430664,99.2699966430664,1791000
2020-09-09,99.36000061035156,99.76000213623047,96.94999694824219,99.2300033569336,99.2300033569336,2069900
2020-09-10,99.08000183105469,101.19000244140625,97.1500015258789,97.23999786376953,97.23999786376953,2216500
2020-09-11,96.25,96.58999633789062,92.12000274658203,94.73999786376953,94.73999786376953,3019700
2020-09-14,96.13999938964844,96.52999877929688,94.72000122070312,95.91999816894531,95.91999816894531,2141300
2020-09-15,96.83999633789062,99.26000213623047,96.12000274658203,97.4000015258789,97.4000015258789,1560200
2020-09-16,97.75,101.37000274658203,97.26000213623047,99.02999877929688,99.02999877929688,2013800
2020-09-17,97.2300033569336,98.12000274658203,94.41000366210938,96.79000091552734,96.79000091552734,2131300
2020-09-18,97.30999755859375,97.30999755859375,92.97000122070312,93.80000305175781,93.80000305175781,3519800
2020-09-21,91.16999816894531,92.37999725341797,89.83000183105469,91.29000091552734,91.29000091552734,3202800
2020-09-22,91.94000244140625,94.19000244140625,90.66999816894531,93.94999694824219,93.94999694824219,2414000
2020-09-23,93.37999725341797,95.30000305175781,91.68000030517578,91.91999816894531,91.91999816894531,1874500
2020-09-24,91.2300033569336,93.95999908447266,89.72000122070312,92.05000305175781,92.05000305175781,1871200
2020-09-25,91.04000091552734,93.88999938964844,90.37999725341797,93.56999969482422,93.56999969482422,2152000
2020-09-28,92.98999786376953,95.26000213623047,91.66999816894531,94.29000091552734,94.29000091552734,2240100
2020-09-29,94.04000091552734,94.05000305175781,91.05999755859375,91.77999877929688,91.77999877929688,2245100
2020-09-30,92.30000305175781,93.87000274658203,90.41999816894531,91.69000244140625,91.69000244140625,2401800
2020-10-01,92.55000305175781,94.7300033569336,91.94999694824219,92.05999755859375,92.05999755859375,2434600
2020-10-02,89.22000122070312,92.51000213623047,88.41999816894531,92.08999633789062,92.08999633789062,1891000
2020-10-05,93.0999984741211,93.47000122070312,90.9000015258789,92.16000366210938,92.16000366210938,1286800
2020-10-06,92.88999938964844,95.56999969482422,91.48999786376953,91.87000274658203,91.87000274658203,2153900
2020-10-07,93.7300033569336,94.2699966430664,92.43000030517578,93.48999786376953,93.48999786376953,1412300
2020-10-08,94.05999755859375,96.05000305175781,93.0199966430664,95.94999694824219,95.94999694824219,1271000
2020-10-09,97.22000122070312,97.48999786376953,95.0999984741211,96.30000305175781,96.30000305175781,1298500
2020-10-12,98.01000213623047,98.4800033569336,96.7699966430664,97.33999633789062,97.33999633789062,1553900
2020-10-13,97.36000061035156,97.36000061035156,93.68000030517578,94.31999969482422,94.31999969482422,1791900
2020-10-14,94.56999969482422,95.69000244140625,92.3499984741211,92.4000015258789,92.4000015258789,2345500
2020-10-15,91.1500015258789,91.22000122070312,87.9000015258789,90.2300033569336,90.2300033569336,3391800
2020-10-16,91.05999755859375,91.76000213623047,89.94999694824219,90.70999908447266,90.70999908447266,2200900
2020-10-19,91.87000274658203,93.12999725341797,91.44999694824219,92.13999938964844,92.13999938964844,2078400
2020-10-20,92.91999816894531,95.41999816894531,92.55000305175781,92.95999908447266,92.95999908447266,2105600
2020-10-21,92.55999755859375,93.31999969482422,91.5,92.69999694824219,92.69999694824219,1062800
2020-10-22,93.05000305175781,102.11000061035156,92.58000183105469,101.04000091552734,101.04000091552734,4711300
2020-10-23,101.0,103.05999755859375,100.26000213623047,102.72000122070312,102.72000122070312,2625500
2020-10-26,101.55999755859375,101.63999938964844,96.16000366210938,99.01000213623047,99.01000213623047,2311400
2020-10-27,98.95999908447266,98.95999908447266,94.47000122070312,95.06999969482422,95.06999969482422,1908700
2020-10-28,92.80000305175781,93.8499984741211,90.7699966430664,91.83000183105469,91.83000183105469,2808300
2020-10-29,91.19000244140625,95.91000366210938,90.5199966430664,95.22000122070312,95.22000122070312,1733200
2020-10-30,94.87999725341797,95.26000213623047,92.70999908447266,94.1500015258789,94.1500015258789,2124800
2020-11-02,95.05000305175781,95.2300033569336,92.55999755859375,94.72000122070312,94.72000122070312,2571100
2020-11-03,95.94999694824219,99.75,95.51000213623047,98.80000305175781,98.80000305175781,2635700
2020-11-04,99.23999786376953,100.72000122070312,97.16999816894531,98.5,98.5,3813600
2020-11-05,102.01000213623047,106.73999786376953,100.5199966430664,103.0999984741211,103.0999984741211,4469800
2020-11-06,102.0,104.31999969482422,100.80000305175781,103.2699966430664,103.2699966430664,1926400
2020-11-09,119.19999694824219,130.57000732421875,119.19000244140625,128.63999938964844,128.63999938964844,19306700
2020-11-10,122.27999877929688,126.80999755859375,119.73999786376953,122.75,122.75,7438500
2020-11-11,120.30000305175781,123.38999938964844,118.63999938964844,119.69999694824219,119.69999694824219,3728400
2020-11-12,118.30000305175781,119.9000015258789,115.5999984741211,117.5,117.5,3190800
2020-11-13,119.0999984741211,124.9800033569336,118.30000305175781,123.44999694824219,123.44999694824219,3636100
2020-11-16,128.77000427246094,128.97999572753906,122.31999969482422,123.55999755859375,123.55999755859375,3136100
2020-11-17,122.58000183105469,123.77999877929688,121.12999725341797,123.02999877929688,123.02999877929688,1937700
2020-11-18,123.0999984741211,126.08000183105469,122.01000213623047,122.5199966430664,122.5199966430664,1981500
2020-11-19,121.61000061035156,124.16000366210938,120.02999877929688,123.95999908447266,123.95999908447266,2045100
2020-11-20,123.44999694824219,123.66000366210938,119.7699966430664,119.9000015258789,119.9000015258789,2936600
2020-11-23,121.18000030517578,124.94999694824219,120.12000274658203,122.80000305175781,122.80000305175781,2290600
2020-11-24,125.69999694824219,125.75,122.80000305175781,125.05000305175781,125.05000305175781,2619400
2020-11-25,124.25,124.37999725341797,121.80000305175781,123.18000030517578,123.18000030517578,1344900
2020-11-27,124.0,125.68000030517578,122.45999908447266,123.7300033569336,123.7300033569336,840800
2020-11-30,123.70999908447266,125.30999755859375,121.36000061035156,124.48999786376953,124.48999786376953,2791100
2020-12-01,126.79000091552734,128.30999755859375,125.16999816894531,126.22000122070312,126.22000122070312,1987200
2020-12-02,124.69999694824219,129.4199981689453,124.48999786376953,127.87000274658203,127.87000274658203,1726800
2020-12-03,129.11000061035156,129.92999267578125,126.69999694824219,127.3499984741211,127.3499984741211,1710700
2020-12-04,128.19000244140625,128.77999877929688,125.25,128.5800018310547,128.5800018310547,2024400
2020-12-07,128.50999450683594,128.77999877929688,124.62000274658203,126.5199966430664,126.5199966430664,1767200
2020-12-08,125.81999969482422,127.4000015258789,124.05000305175781,126.27999877929688,126.27999877929688,1693300
2020-12-09,128.24000549316406,132.9199981689453,125.75,128.83999633789062,128.83999633789062,3469300
2020-12-10,125.69000244140625,134.08999633789062,125.69000244140625,130.47000122070312,130.47000122070312,4567900
2020-12-11,129.52999877929688,129.66000366210938,122.73999786376953,123.0199966430664,123.0199966430664,4987900
2020-12-14,124.44999694824219,125.0,122.19999694824219,123.33000183105469,123.33000183105469,2773800
2020-12-15,124.5,126.66000366210938,123.36000061035156,126.0,126.0,2218400
2020-12-16,126.48999786376953,126.48999786376953,122.81999969482422,124.9800033569336,124.9800033569336,2739700
2020-12-17,125.66000366210938,125.66000366210938,122.33999633789062,124.4800033569336,124.4800033569336,3609800
2020-12-18,125.19999694824219,127.45999908447266,122.4000015258789,125.54000091552734,125.54000091552734,7924100
2020-12-21,121.77999877929688,124.69000244140625,120.1500015258789,123.36000061035156,123.36000061035156,2637400
2020-12-22,124.08000183105469,126.11000061035156,122.5,123.1500015258789,123.1500015258789,2185600
2020-12-23,123.98999786376953,128.16000366210938,123.16999816894531,126.48999786376953,126.48999786376953,1353600
2020-12-24,126.94000244140625,127.43000030517578,125.75,126.95999908447266,126.95999908447266,564100
2020-12-28,127.79000091552734,130.3000030517578,127.12999725341797,128.47999572753906,128.47999572753906,1651000
2020-12-29,128.82000732421875,132.2899932861328,128.27999877929688,131.3000030517578,131.3000030517578,2180700
2020-12-30,132.0,133.0500030517578,130.8800048828125,132.1199951171875,132.1199951171875,1231300
2020-12-31,132.11000061035156,133.69000244140625,130.27999877929688,132.39999389648438,132.39999389648438,1459000
2021-01-04,134.57000732421875,135.8699951171875,128.30999755859375,131.3699951171875,131.3699951171875,3472400
2021-01-05,131.47000122070312,137.94000244140625,131.4600067138672,137.13999938964844,137.13999938964844,3487300
2021-01-06,138.11000061035156,147.5500030517578,136.83999633789062,143.4199981689453,143.4199981689453,4559100
2021-01-07,144.11000061035156,144.6699981689453,139.83999633789062,142.2899932861328,142.2899932861328,2173500
2021-01-08,143.39999389648438,144.75,141.0500030517578,144.02000427246094,144.02000427246094,1484000
2021-01-11,140.30999755859375,144.5,140.11000061035156,142.9600067138672,142.9600067138672,1473900
2021-01-12,142.85000610351562,144.0500030517578,140.86000061035156,140.9499969482422,140.9499969482422,1519900
2021-01-13,140.1999969482422,141.08999633789062,138.35000610351562,140.61000061035156,140.61000061035156,1966200
2021-01-14,141.1199951171875,146.41000366210938,141.1199951171875,144.1699981689453,144.1699981689453,2665800
2021-01-15,144.0,144.35000610351562,140.11000061035156,140.69000244140625,140.69000244140625,1669400
2021-01-19,142.5399932861328,143.69000244140625,140.22999572753906,142.82000732421875,142.82000732421875,1809500
2021-01-20,141.66000366210938,144.10000610351562,138.39999389648438,141.75,141.75,2293400
2021-01-21,142.8800048828125,142.8800048828125,136.00999450683594,138.8800048828125,138.8800048828125,3168100
2021-01-22,139.82000732421875,140.3300018310547,136.44000244140625,136.52000427246094,136.52000427246094,2697700
2021-01-25,135.69000244140625,138.5500030517578,126.19000244140625,135.99000549316406,135.99000549316406,7253700
2021-01-26,137.58999633789062,137.58999633789062,130.00999450683594,131.5,131.5,2984800
2021-01-27,128.3699951171875,130.49000549316406,118.30000305175781,123.20999908447266,123.20999908447266,7235900
2021-01-28,126.37999725341797,130.16000366210938,124.5999984741211,126.73999786376953,126.73999786376953,8107100
2021-01-29,124.94000244140625,126.33999633789062,120.41999816894531,124.0999984741211,124.0999984741211,4601100
2021-02-01,126.1500015258789,129.60000610351562,125.6500015258789,127.30000305175781,127.30000305175781,5913400
2021-02-02,129.05999755859375,136.77999877929688,128.8300018310547,136.1300048828125,136.1300048828125,4934300
2021-02-03,137.97999572753906,141.14999389648438,137.05999755859375,138.47999572753906,138.47999572753906,3341200
2021-02-04,141.66000366210938,142.9199981689453,140.00999450683594,141.91000366210938,141.91000366210938,2080900
2021-02-05,143.3300018310547,145.6699981689453,140.2899932861328,141.39999389648438,141.39999389648438,2058900
2021-02-08,142.10000610351562,146.32000732421875,142.10000610351562,145.4199981689453,145.4199981689453,2523500
2021-02-09,144.97999572753906,145.91000366210938,143.07000732421875,144.47999572753906,144.47999572753906,2613300
2021-02-10,145.5500030517578,151.86000061035156,145.3000030517578,148.89999389648438,148.89999389648438,3428300
2021-02-11,149.3000030517578,153.25999450683594,146.88999938964844,149.91000366210938,149.91000366210938,3365600
2021-02-12,148.3699951171875,151.6999969482422,145.5800018310547,146.50999450683594,146.50999450683594,5379000
2021-02-16,146.41000366210938,148.8800048828125,143.22999572753906,147.83999633789062,147.83999633789062,4305000
2021-02-17,146.5,155.52999877929688,145.0,154.0399932861328,154.0399932861328,4738600
2021-02-18,150.83999633789062,157.41000366210938,150.27999877929688,156.72999572753906,156.72999572753906,2923800
2021-02-19,157.63999938964844,162.10000610351562,157.1300048828125,158.9199981689453,158.9199981689453,3496800
2021-02-22,158.5,166.57000732421875,157.55999755859375,160.61000061035156,160.61000061035156,3588800
2021-02-23,160.3699951171875,160.9199981689453,153.10000610351562,159.69000244140625,159.69000244140625,3677300
2021-02-24,160.5500030517578,164.5800018310547,159.61000061035156,162.77999877929688,162.77999877929688,2906700
2021-02-25,164.61000061035156,165.0,156.10000610351562,157.17999267578125,157.17999267578125,3230000
2021-02-26,158.41000366210938,164.91000366210938,154.61000061035156,161.0,161.0,5159600
2021-03-01,164.0,165.75,159.4499969482422,161.24000549316406,161.24000549316406,3277200
2021-03-02,161.5500030517578,164.4199981689453,160.0,160.27000427246094,160.27000427246094,2089200
2021-03-03,161.1199951171875,166.19000244140625,158.30999755859375,163.42999267578125,163.42999267578125,2828300
2021-03-04,162.82000732421875,163.94000244140625,154.8300018310547,158.41000366210938,158.41000366210938,3863800
2021-03-05,160.92999267578125,167.74000549316406,156.1300048828125,166.4499969482422,166.4499969482422,4352300
2021-03-08,166.5399932861328,171.72000122070312,165.33999633789062,167.89999389648438,167.89999389648438,3987500
2021-03-09,168.9499969482422,169.57000732421875,163.0,165.77000427246094,165.77000427246094,3563800
2021-03-10,170.02999877929688,173.22000122070312,165.50999450683594,167.5800018310547,167.5800018310547,3898900
2021-03-11,168.72000122070312,175.25,168.72000122070312,171.0800018310547,171.0800018310547,4796600
2021-03-12,170.72000122070312,176.25,169.6999969482422,174.58999633789062,174.58999633789062,3543500
2021-03-15,176.77999877929688,177.3000030517578,171.36000061035156,177.10000610351562,177.10000610351562,2443500
2021-03-16,177.55999755859375,178.5500030517578,174.7899932861328,176.3800048828125,176.3800048828125,3080800
2021-03-17,176.4199981689453,185.47999572753906,175.47999572753906,185.27000427246094,185.27000427246094,5059400
2021-03-18,184.0,187.92999267578125,180.61000061035156,180.8000030517578,180.8000030517578,5432800
2021-03-19,179.60000610351562,180.94000244140625,175.08999633789062,179.97999572753906,179.97999572753906,3287300
2021-03-22,179.0,179.97999572753906,172.44000244140625,173.08999633789062,173.08999633789062,3341400
2021-03-23,170.24000549316406,172.60000610351562,165.72999572753906,168.4199981689453,168.4199981689453,4495900
2021-03-24,169.1999969482422,172.5800018310547,165.89999389648438,166.13999938964844,166.13999938964844,2784200
2021-03-25,163.61000061035156,175.10000610351562,162.72999572753906,174.66000366210938,174.66000366210938,3755500
2021-03-26,176.97999572753906,177.72999572753906,170.99000549316406,176.4499969482422,176.4499969482422,3391900
2021-03-29,176.4499969482422,179.83999633789062,173.22000122070312,176.1300048828125,176.1300048828125,2953400
2021-03-30,177.0,177.39999389648438,173.41000366210938,175.8699951171875,175.8699951171875,2576600
2021-03-31,176.6300048828125,177.1999969482422,171.9199981689453,172.1199951171875,172.1199951171875,2617100
2021-04-01,172.88999938964844,176.0,170.67999267578125,175.92999267578125,175.92999267578125,2839900
2021-04-05,177.66000366210938,178.3300018310547,174.5,176.02000427246094,176.02000427246094,2639200
2021-04-06,174.44000244140625,177.6300048828125,174.17999267578125,174.6999969482422,174.6999969482422,1943800
2021-04-07,175.0,175.5,170.3800048828125,172.0399932861328,172.0399932861328,3002900
2021-04-08,171.39999389648438,175.4199981689453,170.41000366210938,174.57000732421875,174.57000732421875,2553300
2021-04-09,175.49000549316406,175.58999633789062,170.83999633789062,174.97999572753906,174.97999572753906,2032900
2021-04-12,173.2100067138672,175.25,169.5500030517578,171.7100067138672,171.7100067138672,1776700
2021-04-13,171.41000366210938,172.6999969482422,167.5500030517578,170.92999267578125,170.92999267578125,2644600
2021-04-14,171.9199981689453,174.9499969482422,171.27000427246094,171.72000122070312,171.72000122070312,2408800
2021-04-15,171.9600067138672,172.50999450683594,169.1999969482422,170.5500030517578,170.5500030517578,1969500
2021-04-16,172.10000610351562,174.77000427246094,170.97999572753906,173.91000366210938,173.91000366210938,2454300
2021-04-19,172.50999450683594,177.8800048828125,172.05999755859375,175.6199951171875,175.6199951171875,2324000
2021-04-20,174.0800018310547,174.94000244140625,166.75,170.4600067138672,170.4600067138672,2839400
2021-04-21,170.49000549316406,176.75999450683594,168.52999877929688,176.25999450683594,176.25999450683594,2163900
2021-04-22,176.4600067138672,180.08999633789062,174.88999938964844,175.64999389648438,175.64999389648438,1977600
2021-04-23,176.66000366210938,178.6699981689453,175.07000732421875,177.55999755859375,177.55999755859375,1559700
2021-04-26,179.3300018310547,181.52000427246094,176.33999633789062,176.67999267578125,176.67999267578125,1715700
2021-04-27,177.02999877929688,179.5800018310547,176.02999877929688,177.0800018310547,177.0800018310547,1903300
2021-04-28,176.75,179.66000366210938,176.1999969482422,177.60000610351562,177.60000610351562,1795100
2021-04-29,179.02999877929688,180.63999938964844,175.10000610351562,177.8699951171875,177.8699951171875,1465500
2021-04-30,177.47999572753906,178.4499969482422,174.6699981689453,176.22999572753906,176.22999572753906,1029900
2021-05-03,178.25,179.6300048828125,174.47000122070312,174.82000732421875,174.82000732421875,1970100
2021-05-04,175.4600067138672,175.55999755859375,170.44000244140625,173.4499969482422,173.4499969482422,2134400
2021-05-05,174.08999633789062,176.22999572753906,170.0,170.9199981689453,170.9199981689453,1967500
2021-05-06,170.0399932861328,170.9199981689453,162.6199951171875,164.82000732421875,164.82000732421875,3719400
2021-05-07,175.44000244140625,180.0500030517578,172.00999450683594,173.4600067138672,173.4600067138672,6284500
2021-05-10,173.55999755859375,177.42999267578125,170.72999572753906,173.08999633789062,173.08999633789062,4584300
2021-05-11,170.0,173.3800048828125,167.82000732421875,172.39999389648438,172.39999389648438,3895200
2021-05-12,171.2100067138672,171.99000549316406,161.63999938964844,161.99000549316406,161.99000549316406,4637200
2021-05-13,164.75,169.0500030517578,163.6999969482422,167.72000122070312,167.72000122070312,3282900
2021-05-14,169.99000549316406,173.0500030517578,168.25,171.8000030517578,171.8000030517578,2460500
2021-05-17,170.00999450683594,170.2100067138672,166.8000030517578,169.4499969482422,169.4499969482422,2438200
2021-05-18,169.9199981689453,172.0,168.02000427246094,168.10000610351562,168.10000610351562,2227400
2021-05-19,164.89999389648438,167.75999450683594,164.16000366210938,167.07000732421875,167.07000732421875,2056900
2021-05-20,167.25,170.19000244140625,166.25,169.13999938964844,169.13999938964844,1816900
2021-05-21,170.02000427246094,171.25,167.19000244140625,168.05999755859375,168.05999755859375,1698000
2021-05-24,169.0,172.30999755859375,167.7899932861328,171.10000610351562,171.10000610351562,1938300
2021-05-25,174.52000427246094,175.58999633789062,171.69000244140625,173.05999755859375,173.05999755859375,1886300
2021-05-26,172.97000122070312,175.1699981689453,172.4199981689453,174.8300018310547,174.8300018310547,1971200
2021-05-27,175.0,175.3699951171875,172.8000030517578,174.11000061035156,174.11000061035156,2221300
2021-05-28,172.8800048828125,178.13999938964844,172.8800048828125,176.9499969482422,176.9499969482422,1895400
2021-06-01,178.80999755859375,179.58999633789062,176.80999755859375,177.30999755859375,177.30999755859375,1623900
2021-06-02,177.91000366210938,178.27000427246094,174.9199981689453,175.1699981689453,175.1699981689453,1992400
2021-06-03,173.55999755859375,174.94000244140625,170.33999633789062,170.75,170.75,1854000
2021-06-04,172.0399932861328,173.47999572753906,171.07000732421875,171.4199981689453,171.4199981689453,1418600
2021-06-07,172.8000030517578,172.8000030517578,168.4499969482422,170.35000610351562,170.35000610351562,2073400
2021-06-08,170.35000610351562,173.17999267578125,170.3300018310547,172.61000061035156,172.61000061035156,1390700
2021-06-09,173.2100067138672,174.11000061035156,171.6699981689453,172.8000030517578,172.8000030517578,1479100
2021-06-10,173.0500030517578,173.4199981689453,169.32000732421875,171.5800018310547,171.5800018310547,1178200
2021-06-11,172.1999969482422,174.4499969482422,171.72999572753906,172.94000244140625,172.94000244140625,1460200
2021-06-14,173.6199951171875,173.9600067138672,168.4600067138672,169.13999938964844,169.13999938964844,2263500
2021-06-15,169.52000427246094,171.30999755859375,168.4499969482422,170.0,170.0,1547800
2021-06-16,168.8300018310547,170.0800018310547,166.16000366210938,167.9600067138672,167.9600067138672,2006200
2021-06-17,167.66000366210938,169.33999633789062,164.91000366210938,165.9199981689453,165.9199981689453,2402800
2021-06-18,165.5800018310547,165.7100067138672,161.64999389648438,162.92999267578125,162.92999267578125,3585900
2021-06-21,163.36000061035156,168.49000549316406,162.8000030517578,167.9199981689453,167.9199981689453,2218900
2021-06-22,168.52000427246094,168.92999267578125,165.16000366210938,166.92999267578125,166.92999267578125,1397200
2021-06-23,166.67999267578125,170.02999877929688,166.25,168.9499969482422,168.9499969482422,1243000
2021-06-24,169.92999267578125,170.52000427246094,168.30999755859375,170.0500030517578,170.0500030517578,1118300
2021-06-25,170.52000427246094,172.77999877929688,169.00999450683594,170.99000549316406,170.99000549316406,4977100
2021-06-28,170.0399932861328,170.24000549316406,158.88999938964844,163.5500030517578,163.5500030517578,4900600
2021-06-29,163.75999450683594,164.2899932861328,159.5399932861328,159.89999389648438,159.89999389648438,2555500
2021-06-30,159.75,164.24000549316406,159.13999938964844,163.7100067138672,163.7100067138672,2048700
2021-07-01,164.38999938964844,167.72999572753906,164.2100067138672,167.02999877929688,167.02999877929688,2247200
2021-07-02,167.99000549316406,169.2899932861328,166.97000122070312,167.4199981689453,167.4199981689453,1843600
2021-07-06,166.69000244140625,167.7899932861328,164.39999389648438,165.57000732421875,165.57000732421875,1548900
2021-07-07,165.4199981689453,166.94000244140625,161.13999938964844,162.9600067138672,162.9600067138672,1668900
2021-07-08,158.7100067138672,162.5800018310547,156.50999450683594,161.55999755859375,161.55999755859375,2222400
2021-07-09,163.52000427246094,168.4600067138672,163.02999877929688,167.74000549316406,167.74000549316406,1812700
2021-07-12,166.5800018310547,167.57000732421875,164.5800018310547,167.35000610351562,167.35000610351562,1702600
2021-07-13,166.77000427246094,166.97000122070312,161.6300048828125,162.02000427246094,162.02000427246094,2902600
2021-07-14,163.6300048828125,167.24000549316406,160.3300018310547,160.99000549316406,160.99000549316406,2202700
2021-07-15,159.50999450683594,160.6300048828125,157.8000030517578,159.2899932861328,159.2899932861328,2239400
2021-07-16,160.9600067138672,161.57000732421875,156.9600067138672,157.61000061035156,157.61000061035156,2217600
2021-07-19,153.14999389648438,153.9600067138672,150.02000427246094,151.63999938964844,151.63999938964844,4174500
2021-07-20,152.6199951171875,157.61000061035156,150.10000610351562,156.1199951171875,156.1199951171875,2143600
2021-07-21,157.58999633789062,163.6999969482422,157.58999633789062,162.4199981689453,162.4199981689453,2467300
2021-07-22,161.22999572753906,162.1699981689453,158.6699981689453,160.02999877929688,160.02999877929688,1260400
2021-07-23,161.52000427246094,162.6699981689453,160.35000610351562,161.5500030517578,161.5500030517578,1418400
2021-07-26,160.97000122070312,163.94000244140625,160.17999267578125,162.6999969482422,162.6999969482422,1614600
2021-07-27,162.00999450683594,164.0500030517578,160.8300018310547,163.72000122070312,163.72000122070312,1899700
2021-07-28,164.39999389648438,166.5800018310547,161.00999450683594,163.19000244140625,163.19000244140625,1018000
2021-07-29,163.97000122070312,165.61000061035156,162.1999969482422,163.72999572753906,163.72999572753906,1139900
2021-07-30,163.1699981689453,165.30999755859375,160.25999450683594,160.8699951171875,160.8699951171875,1426600
2021-08-02,162.27000427246094,166.1999969482422,158.85000610351562,159.19000244140625,159.19000244140625,1782500
2021-08-03,159.00999450683594,159.25,152.94000244140625,154.77999877929688,154.77999877929688,2979200
2021-08-04,153.22999572753906,155.97999572753906,152.5,153.25,153.25,1396700
2021-08-05,155.44000244140625,162.61000061035156,154.5,161.69000244140625,161.69000244140625,4336500
2021-08-06,149.55999755859375,150.9499969482422,145.39999389648438,148.88999938964844,148.88999938964844,12102400
2021-08-09,147.0500030517578,149.74000549316406,146.0500030517578,148.8000030517578,148.8000030517578,3423200
2021-08-10,149.0399932861328,151.58999633789062,147.1199951171875,148.60000610351562,148.60000610351562,1850400
2021-08-11,147.9199981689453,150.3300018310547,146.67999267578125,150.07000732421875,150.07000732421875,1697400
2021-08-12,149.39999389648438,150.89999389648438,145.97999572753906,150.3300018310547,150.3300018310547,1759700
2021-08-13,150.32000732421875,150.8300018310547,147.3300018310547,148.6300048828125,148.6300048828125,1727300
2021-08-16,147.25,147.5399932861328,143.1300048828125,144.13999938964844,144.13999938964844,3610900
2021-08-17,143.22000122070312,143.44000244140625,140.6199951171875,142.57000732421875,142.57000732421875,2006000
2021-08-18,141.66000366210938,143.2100067138672,139.80999755859375,140.35000610351562,140.35000610351562,1607700
2021-08-19,138.8699951171875,141.58999633789062,137.32000732421875,138.0500030517578,138.0500030517578,2631900
2021-08-20,137.5,139.02000427246094,136.77000427246094,137.7899932861328,137.7899932861328,1784000
2021-08-23,139.07000732421875,142.91000366210938,138.99000549316406,142.83999633789062,142.83999633789062,1971200
2021-08-24,143.91000366210938,146.97000122070312,143.36000061035156,146.6300048828125,146.6300048828125,2961900
2021-08-25,147.02999877929688,147.72999572753906,144.4499969482422,147.6199951171875,147.6199951171875,1714000
2021-08-26,147.30999755859375,147.72000122070312,143.66000366210938,143.86000061035156,143.86000061035156,1714700
2021-08-27,144.38999938964844,148.0399932861328,144.0,146.74000549316406,146.74000549316406,1556000
2021-08-30,146.1699981689453,146.83999633789062,143.7100067138672,144.19000244140625,144.19000244140625,1254200
2021-08-31,144.38999938964844,145.4600067138672,143.16000366210938,144.5,144.5,2280600
2021-09-01,146.0,148.08999633789062,144.66000366210938,146.1699981689453,146.1699981689453,2067400
2021-09-02,146.92999267578125,147.5399932861328,143.3800048828125,143.77000427246094,143.77000427246094,2066000
2021-09-03,142.89999389648438,144.5500030517578,141.8000030517578,142.63999938964844,142.63999938964844,1420100
2021-09-07,142.67999267578125,147.94000244140625,142.5,147.49000549316406,147.49000549316406,1967700
2021-09-08,146.89999389648438,148.49000549316406,144.32000732421875,145.6699981689453,145.6699981689453,2245900
2021-09-09,146.02999877929688,149.61000061035156,145.17999267578125,146.74000549316406,146.74000549316406,1964800
2021-09-10,147.47000122070312,147.6999969482422,144.77000427246094,145.38999938964844,145.38999938964844,1486600
2021-09-13,148.0399932861328,149.22999572753906,143.55999755859375,148.7899932861328,148.7899932861328,2382000
2021-09-14,148.77000427246094,150.77999877929688,147.41000366210938,150.60000610351562,150.60000610351562,2002500
2021-09-15,149.72999572753906,151.41000366210938,148.22000122070312,151.32000732421875,151.32000732421875,1870300
2021-09-16,151.3000030517578,152.77999877929688,149.08999633789062,150.1699981689453,150.1699981689453,2317700
2021-09-17,150.6999969482422,153.57000732421875,150.52999877929688,152.27999877929688,152.27999877929688,4094100
2021-09-20,151.60000610351562,154.6300048828125,150.38999938964844,153.58999633789062,153.58999633789062,2454200
2021-09-21,154.7899932861328,155.52999877929688,151.41000366210938,152.9499969482422,152.9499969482422,1932800
2021-09-22,154.0500030517578,159.97999572753906,154.0500030517578,158.9499969482422,158.9499969482422,2635600
2021-09-23,160.0,167.1199951171875,159.61000061035156,166.83999633789062,166.83999633789062,3607500
2021-09-24,166.83999633789062,172.5500030517578,166.00999450683594,171.99000549316406,171.99000549316406,3354100
2021-09-27,172.86000061035156,175.3699951171875,169.19000244140625,169.64999389648438,169.64999389648438,3329200
2021-09-28,168.0,169.83999633789062,167.11000061035156,168.77999877929688,168.77999877929688,2357900
2021-09-29,169.0500030517578,170.24000549316406,166.0800018310547,166.27000427246094,166.27000427246094,1564000
2021-09-30,166.35000610351562,166.6999969482422,163.66000366210938,163.89999389648438,163.89999389648438,1535100
2021-10-01,169.3000030517578,174.72999572753906,168.39999389648438,169.7899932861328,169.7899932861328,2941700
2021-10-04,169.60000610351562,172.22999572753906,168.00999450683594,170.7899932861328,170.7899932861328,1908800
2021-10-05,171.74000549316406,172.0,168.10000610351562,169.10000610351562,169.10000610351562,1741200
2021-10-06,167.0399932861328,171.3699951171875,166.3000030517578,170.2100067138672,170.2100067138672,1558900
2021-10-07,171.72000122070312,173.92999267578125,170.7100067138672,172.3000030517578,172.3000030517578,1515900
2021-10-08,173.49000549316406,174.0,169.63999938964844,169.97999572753906,169.97999572753906,1279900
2021-10-11,170.36000061035156,171.7899932861328,168.4199981689453,168.50999450683594,168.50999450683594,850800
2021-10-12,168.75999450683594,170.75999450683594,167.8000030517578,169.5500030517578,169.5500030517578,1016800
2021-10-13,169.27000427246094,169.7100067138672,165.91000366210938,168.50999450683594,168.50999450683594,1041200
2021-10-14,169.67999267578125,170.6999969482422,168.32000732421875,168.88999938964844,168.88999938964844,1032500
2021-10-15,171.0,174.85000610351562,170.22999572753906,171.99000549316406,171.99000549316406,2118100
2021-10-18,170.80999755859375,171.8800048828125,169.19000244140625,169.9199981689453,169.9199981689453,1279500
2021-10-19,169.86000061035156,170.61000061035156,165.9600067138672,166.1999969482422,166.1999969482422,1845800
2021-10-20,166.27999877929688,166.50999450683594,161.2899932861328,163.72999572753906,163.72999572753906,2768900
2021-10-21,163.25999450683594,164.92999267578125,161.55999755859375,162.75,162.75,2356500
2021-10-22,162.27000427246094,163.82000732421875,160.24000549316406,161.6699981689453,161.6699981689453,1468500
2021-10-25,161.3300018310547,162.77000427246094,159.00999450683594,161.44000244140625,161.44000244140625,1203500
2021-10-26,162.9600067138672,164.16000366210938,161.33999633789062,162.75,162.75,1322100
2021-10-27,163.0,164.97000122070312,161.91000366210938,164.13999938964844,164.13999938964844,1274100
2021-10-28,163.89999389648438,166.1300048828125,162.8800048828125,164.25999450683594,164.25999450683594,1248700
2021-10-29,163.92999267578125,164.77999877929688,159.8000030517578,164.41000366210938,164.41000366210938,1824300
2021-11-01,165.7899932861328,168.85000610351562,164.77000427246094,167.22999572753906,167.22999572753906,1508600
2021-11-02,164.07000732421875,164.8300018310547,159.52000427246094,159.83999633789062,159.83999633789062,2446600
2021-11-03,160.39999389648438,162.63999938964844,159.61000061035156,162.25,162.25,2100000
2021-11-04,166.0,166.74000549316406,156.27000427246094,157.5500030517578,157.5500030517578,5043700
2021-11-05,179.2899932861328,184.2100067138672,172.2100067138672,182.1699981689453,182.1699981689453,11357600
2021-11-08,183.3800048828125,191.85000610351562,183.35000610351562,188.42999267578125,188.42999267578125,6957200
2021-11-09,187.60000610351562,189.6699981689453,184.57000732421875,188.0,188.0,4079000
2021-11-10,186.38999938964844,191.8300018310547,184.00999450683594,185.6699981689453,185.6699981689453,3089000
2021-11-11,185.07000732421875,186.60000610351562,182.0399932861328,182.5800018310547,182.5800018310547,1734100
2021-11-12,183.41000366210938,183.44000244140625,178.0,178.91000366210938,178.91000366210938,2185700
2021-11-15,179.16000366210938,179.19000244140625,176.5,177.61000061035156,177.61000061035156,1890500
2021-11-16,177.36000061035156,177.38999938964844,174.22999572753906,175.49000549316406,175.49000549316406,2405200
2021-11-17,174.4199981689453,178.27999877929688,173.0500030517578,177.58999633789062,177.58999633789062,2079800
2021-11-18,178.0,179.8000030517578,173.0,176.5800018310547,176.5800018310547,1827000
2021-11-19,173.61000061035156,176.64999389648438,170.82000732421875,175.16000366210938,175.16000366210938,2384900
2021-11-22,175.99000549316406,176.66000366210938,172.0,173.24000549316406,173.24000549316406,1508200
2021-11-23,173.57000732421875,178.42999267578125,173.57000732421875,177.97000122070312,177.97000122070312,1976000
2021-11-24,176.9600067138672,179.25,174.83999633789062,176.5399932861328,176.5399932861328,1196200
2021-11-26,161.0,162.5,155.58999633789062,159.8000030517578,159.8000030517578,7044700
2021-11-29,165.8699951171875,169.1699981689453,162.66000366210938,166.5,166.5,3620000
2021-11-30,162.05999755859375,164.91000366210938,159.67999267578125,161.08999633789062,161.08999633789062,3445700
2021-12-01,165.0,165.8699951171875,153.89999389648438,155.66000366210938,155.66000366210938,3297100
2021-12-02,156.4600067138672,163.44000244140625,154.64999389648438,161.27999877929688,161.27999877929688,2825000
2021-12-03,160.61000061035156,162.0,153.0399932861328,155.5800018310547,155.5800018310547,2640000
2021-12-06,159.10000610351562,169.55999755859375,157.58999633789062,166.07000732421875,166.07000732421875,3065200
2021-12-07,168.64999389648438,170.6999969482422,165.30999755859375,166.57000732421875,166.57000732421875,2473600
2021-12-08,171.3699951171875,174.60000610351562,168.0500030517578,172.38999938964844,172.38999938964844,3108700
2021-12-09,169.25,172.64999389648438,168.74000549316406,169.75,169.75,1505600
2021-12-10,170.07000732421875,170.8699951171875,165.10000610351562,166.9499969482422,166.9499969482422,1992300
2021-12-13,164.5500030517578,165.0,158.55999755859375,161.0,161.0,3136300
2021-12-14,158.7899932861328,161.52000427246094,157.5,158.25999450683594,158.25999450683594,1853600
2021-12-15,158.0,158.00999450683594,150.83999633789062,157.6300048828125,157.6300048828125,2880000
2021-12-16,157.75999450683594,158.8699951171875,153.25999450683594,154.42999267578125,154.42999267578125,2573900
2021-12-17,152.22000122070312,161.5,151.6999969482422,159.30999755859375,159.30999755859375,3753500
2021-12-20,155.0,162.75,154.00999450683594,162.42999267578125,162.42999267578125,2392100
2021-12-21,164.13999938964844,178.6199951171875,164.0800018310547,177.27000427246094,177.27000427246094,5249600
2021-12-22,176.27999877929688,183.80999755859375,175.19000244140625,182.4199981689453,182.4199981689453,3044000
2021-12-23,183.7100067138672,185.63999938964844,180.22000122070312,183.77999877929688,183.77999877929688,1489000
2021-12-27,181.25999450683594,183.24000549316406,178.63999938964844,182.25,182.25,1111100
2021-12-28,181.9499969482422,182.83999633789062,179.52999877929688,180.8000030517578,180.8000030517578,1073100
2021-12-29,179.85000610351562,181.99000549316406,179.1300048828125,180.97000122070312,180.97000122070312,1035700
2021-12-30,180.97000122070312,184.0500030517578,180.16000366210938,181.47000122070312,181.47000122070312,1284000
2021-12-31,180.41000366210938,183.36000061035156,179.3699951171875,180.72000122070312,180.72000122070312,1119500
2022-01-03,181.3000030517578,185.72999572753906,181.3000030517578,184.97000122070312,184.97000122070312,2047200
2022-01-04,187.85000610351562,190.77999877929688,184.60000610351562,185.3699951171875,185.3699951171875,2547000
2022-01-05,186.27000427246094,186.5,180.75999450683594,181.3000030517578,181.3000030517578,1819000
2022-01-06,181.3000030517578,183.10000610351562,176.39999389648438,177.5800018310547,177.5800018310547,1872300
2022-01-07,177.07000732421875,183.5800018310547,176.60000610351562,179.91000366210938,179.91000366210938,1704400
2022-01-10,181.6199951171875,182.0,174.66000366210938,180.57000732421875,180.57000732421875,2157700
2022-01-11,179.14999389648438,183.38999938964844,177.6300048828125,182.47000122070312,182.47000122070312,1242600
2022-01-12,183.55999755859375,184.89999389648438,180.72000122070312,181.25,181.25,1498500
2022-01-13,181.25999450683594,190.2899932861328,180.5500030517578,185.05999755859375,185.05999755859375,2797600
2022-01-14,184.74000549316406,184.97999572753906,179.58999633789062,184.39999389648438,184.39999389648438,1446000
2022-01-18,181.99000549316406,184.6999969482422,177.0399932861328,177.55999755859375,177.55999755859375,2030600
2022-01-19,178.88999938964844,180.97999572753906,176.27999877929688,176.4600067138672,176.4600067138672,1356600
2022-01-20,177.7100067138672,183.7100067138672,177.17999267578125,177.5,177.5,1250000
2022-01-21,177.5,179.27999877929688,172.5399932861328,174.4199981689453,174.4199981689453,3435800
2022-01-24,169.38999938964844,172.0,159.88999938964844,171.35000610351562,171.35000610351562,4018000
2022-01-25,167.3000030517578,176.22999572753906,165.57000732421875,174.1999969482422,174.1999969482422,3160200
2022-01-26,177.74000549316406,182.67999267578125,173.94000244140625,177.10000610351562,177.10000610351562,2553300
2022-01-27,178.4499969482422,179.74000549316406,170.41000366210938,171.22999572753906,171.22999572753906,1787900
2022-01-28,171.33999633789062,174.5,167.2899932861328,174.36000061035156,174.36000061035156,2016000
2022-01-31,174.08999633789062,183.5,173.2100067138672,183.2899932861328,183.2899932861328,2153300
2022-02-01,182.0,188.36000061035156,181.44000244140625,188.05999755859375,188.05999755859375,2371000
2022-02-02,187.75999450683594,190.77999877929688,184.25,185.3300018310547,185.3300018310547,2429600
2022-02-03,182.4499969482422,186.0500030517578,181.33999633789062,183.66000366210938,183.66000366210938,1936000
2022-02-04,181.27999877929688,186.85000610351562,180.75999450683594,185.30999755859375,185.30999755859375,2062300
2022-02-07,186.69000244140625,190.0,184.80999755859375,187.35000610351562,187.35000610351562,2631600
2022-02-08,187.05999755859375,194.5500030517578,185.33999633789062,193.89999389648438,193.89999389648438,3880800
2022-02-09,195.36000061035156,199.25999450683594,194.8000030517578,196.9499969482422,196.9499969482422,3258800
2022-02-10,194.57000732421875,201.92999267578125,194.22000122070312,197.52000427246094,197.52000427246094,5758500
2022-02-11,209.0,210.5,188.05999755859375,192.1199951171875,192.1199951171875,7912000
2022-02-14,193.6699981689453,203.33999633789062,193.25,197.1699981689453,197.1699981689453,5326700
2022-02-15,200.0,212.0,200.0,211.92999267578125,211.92999267578125,5349300
2022-02-16,208.0,217.72000122070312,208.0,213.8000030517578,213.8000030517578,4148900
2022-02-17,210.66000366210938,213.07000732421875,206.49000549316406,209.30999755859375,209.30999755859375,2956400
2022-02-18,208.8800048828125,211.25,204.72000122070312,209.1699981689453,209.1699981689453,2206500
2022-02-22,207.13999938964844,209.9199981689453,202.2100067138672,204.67999267578125,204.67999267578125,3053500
2022-02-23,206.85000610351562,207.49000549316406,198.1300048828125,198.6300048828125,198.6300048828125,3133300
2022-02-24,185.9600067138672,194.5800018310547,181.91000366210938,193.74000549316406,193.74000549316406,7901000
2022-02-25,195.22999572753906,200.22999572753906,192.05999755859375,199.92999267578125,199.92999267578125,3035700
2022-02-28,194.5,198.14999389648438,188.8000030517578,196.11000061035156,196.11000061035156,3634200
2022-03-01,195.00999450683594,196.61000061035156,185.82000732421875,187.85000610351562,187.85000610351562,3234800
2022-03-02,190.38999938964844,195.32000732421875,190.24000549316406,192.22999572753906,192.22999572753906,3005100
2022-03-03,193.6300048828125,194.7899932861328,183.58999633789062,185.25,185.25,3151700
2022-03-04,181.88999938964844,182.9600067138672,172.91000366210938,176.22999572753906,176.22999572753906,4369500
2022-03-07,176.50999450683594,177.3000030517578,156.13999938964844,157.00999450683594,157.00999450683594,6829600
2022-03-08,158.58999633789062,172.0800018310547,151.92999267578125,165.69000244140625,165.69000244140625,7595300
2022-03-09,172.67999267578125,180.8300018310547,172.35000610351562,174.67999267578125,174.67999267578125,4235400
2022-03-10,170.0,179.75,168.52999877929688,178.91000366210938,178.91000366210938,3442400
2022-03-11,181.00999450683594,183.19000244140625,178.22999572753906,179.30999755859375,179.30999755859375,2952000
2022-03-14,180.5,184.52999877929688,178.27000427246094,179.11000061035156,179.11000061035156,3676000
2022-03-15,182.0,189.8800048828125,181.7100067138672,188.5,188.5,3837900
2022-03-16,191.02000427246094,196.25,185.83999633789062,192.88999938964844,192.88999938964844,4364100
2022-03-17,190.10000610351562,192.88999938964844,187.10000610351562,192.0,192.0,1981300
2022-03-18,191.50999450683594,195.5500030517578,188.52999877929688,193.17999267578125,193.17999267578125,3454100
2022-03-21,191.2100067138672,191.47000122070312,186.6300048828125,190.17999267578125,190.17999267578125,2100100
2022-03-22,191.8300018310547,194.2100067138672,188.94000244140625,191.6999969482422,191.6999969482422,2654100
2022-03-23,189.8300018310547,191.63999938964844,186.63999938964844,186.94000244140625,186.94000244140625,3265500
2022-03-24,188.7100067138672,195.6300048828125,187.19000244140625,195.02000427246094,195.02000427246094,2534800
2022-03-25,196.25,197.8699951171875,189.75999450683594,192.16000366210938,192.16000366210938,2015000
2022-03-28,192.41000366210938,195.97000122070312,189.1699981689453,193.19000244140625,193.19000244140625,2036500
2022-03-29,197.57000732421875,203.97999572753906,194.88999938964844,195.41000366210938,195.41000366210938,2938000
2022-03-30,193.5,196.05999755859375,190.82000732421875,192.1699981689453,192.1699981689453,2039800
2022-03-31,193.35000610351562,198.97999572753906,192.49000549316406,195.6699981689453,195.6699981689453,2585300
2022-04-01,196.94000244140625,200.4499969482422,195.86000061035156,198.1999969482422,198.1999969482422,1842200
2022-04-04,196.27999877929688,198.2899932861328,194.6999969482422,197.2899932861328,197.2899932861328,1748400
2022-04-05,197.72000122070312,199.19000244140625,190.00999450683594,190.42999267578125,190.42999267578125,1892200
2022-04-06,187.36000061035156,187.36000061035156,180.00999450683594,181.4600067138672,181.4600067138672,2597000
2022-04-07,180.3300018310547,182.1999969482422,176.35000610351562,181.97999572753906,181.97999572753906,3065600
2022-04-08,180.85000610351562,184.11000061035156,178.66000366210938,179.7899932861328,179.7899932861328,2543400
2022-04-11,177.5,182.0,176.10000610351562,177.3000030517578,177.3000030517578,1795000
2022-04-12,181.1300048828125,181.75999450683594,177.02999877929688,178.61000061035156,178.61000061035156,2372500
2022-04-13,181.0,187.75,180.8699951171875,187.3300018310547,187.3300018310547,2472400
2022-04-14,188.08999633789062,193.55999755859375,187.5500030517578,191.5500030517578,191.5500030517578,3118900
2022-04-18,189.88999938964844,191.67999267578125,184.6199951171875,185.83999633789062,185.83999633789062,2383200
2022-04-19,186.25,188.69000244140625,184.0,186.33999633789062,186.33999633789062,1495600
2022-04-20,187.44000244140625,190.1699981689453,184.07000732421875,185.8699951171875,185.8699951171875,1475900
2022-04-21,193.3000030517578,196.77999877929688,182.52000427246094,183.38999938964844,183.38999938964844,2899400
2022-04-22,182.77000427246094,185.25,180.55999755859375,181.64999389648438,181.64999389648438,1916300
2022-04-25,180.72000122070312,187.8300018310547,179.57000732421875,186.77000427246094,186.77000427246094,2074100
2022-04-26,184.17999267578125,186.25,178.57000732421875,178.5800018310547,178.5800018310547,1982400
2022-04-27,180.69000244140625,186.6199951171875,180.0,182.52000427246094,182.52000427246094,2413500
2022-04-28,182.63999938964844,186.57000732421875,180.22000122070312,183.39999389648438,183.39999389648438,2154100
2022-04-29,181.77000427246094,183.3000030517578,173.61000061035156,174.75,174.75,2616700
2022-05-02,174.8800048828125,178.02000427246094,169.25999450683594,174.80999755859375,174.80999755859375,5434400
2022-05-03,168.39999389648438,169.1699981689453,145.8000030517578,150.30999755859375,150.30999755859375,15895900
2022-05-04,148.99000549316406,150.6699981689453,142.80999755859375,149.55999755859375,149.55999755859375,7944100
2022-05-05,147.47000122070312,147.52999877929688,135.0,139.5,139.5,7577100
2022-05-06,139.8800048828125,139.8800048828125,131.42999267578125,132.3300018310547,132.3300018310547,5206800
2022-05-09,129.1699981689453,133.08999633789062,126.8499984741211,127.79000091552734,127.79000091552734,5827700
2022-05-10,131.13999938964844,135.3300018310547,127.18000030517578,132.33999633789062,132.33999633789062,5410100
2022-05-11,132.22000122070312,137.36000061035156,129.67999267578125,133.22000122070312,133.22000122070312,4301800
2022-05-12,132.67999267578125,135.16000366210938,126.04000091552734,128.33999633789062,128.33999633789062,4107400
2022-05-13,131.58999633789062,133.22999572753906,129.91000366210938,131.77999877929688,131.77999877929688,3071700
2022-05-16,129.94000244140625,130.1999969482422,122.86000061035156,123.8499984741211,123.8499984741211,4755700
2022-05-17,126.91999816894531,128.1699981689453,121.5,122.83000183105469,122.83000183105469,7654800
2022-05-18,122.91999816894531,124.81999969482422,119.66999816894531,120.1500015258789,120.1500015258789,4452700
2022-05-19,121.04000091552734,128.52999877929688,119.05000305175781,126.56999969482422,126.56999969482422,5656000
2022-05-20,127.16999816894531,128.38999938964844,121.33000183105469,124.58999633789062,124.58999633789062,3620700
2022-05-23,126.37000274658203,126.37000274658203,120.51000213623047,121.62999725341797,121.62999725341797,3098300
2022-05-24,121.94000244140625,121.94000244140625,115.91999816894531,116.76000213623047,116.76000213623047,2744600
2022-05-25,116.61000061035156,124.48999786376953,115.76000213623047,123.7300033569336,123.7300033569336,3507700
2022-05-26,124.08000183105469,132.4199981689453,123.91999816894531,130.2899932861328,130.2899932861328,3387900
2022-05-27,130.89999389648438,132.83999633789062,129.50999450683594,130.97000122070312,130.97000122070312,2680200
2022-05-31,129.3699951171875,130.25999450683594,126.8499984741211,129.3300018310547,129.3300018310547,3030200
2022-06-01,129.77000427246094,130.52999877929688,124.69999694824219,126.2300033569336,126.2300033569336,3400600
2022-06-02,127.05000305175781,135.08999633789062,126.76000213623047,134.19000244140625,134.19000244140625,3194200
2022-06-03,130.8000030517578,135.4199981689453,130.8000030517578,131.66000366210938,131.66000366210938,2523800
2022-06-06,133.30999755859375,134.91000366210938,131.86000061035156,133.35000610351562,133.35000610351562,1834000
2022-06-07,131.4600067138672,133.5,129.8800048828125,131.14999389648438,131.14999389648438,2448900
2022-06-08,131.27999877929688,131.8000030517578,128.7899932861328,129.47000122070312,129.47000122070312,1908100
2022-06-09,129.3000030517578,129.6999969482422,121.98999786376953,121.98999786376953,121.98999786376953,3221600
2022-06-10,119.61000061035156,120.13999938964844,114.04000091552734,115.16000366210938,115.16000366210938,4076200
2022-06-13,110.11000061035156,111.69999694824219,105.66000366210938,106.26000213623047,106.26000213623047,3857500
2022-06-14,106.72000122070312,107.5199966430664,100.01000213623047,101.93000030517578,101.93000030517578,5021200
2022-06-15,102.83000183105469,105.68000030517578,101.41999816894531,104.41000366210938,104.41000366210938,4437900
2022-06-16,99.80000305175781,100.0,95.6500015258789,96.33000183105469,96.33000183105469,4103700
2022-06-17,97.91000366210938,101.5999984741211,96.9000015258789,100.37000274658203,100.37000274658203,4726000
2022-06-21,101.26000213623047,103.08000183105469,98.5199966430664,98.77999877929688,98.77999877929688,2187300
2022-06-22,97.25,99.23999786376953,96.72000122070312,97.13999938964844,97.13999938964844,2949300
2022-06-23,96.80000305175781,97.37999725341797,92.22000122070312,94.0199966430664,94.0199966430664,4380800
2022-06-24,95.01000213623047,102.4000015258789,94.25,102.33999633789062,102.33999633789062,4263000
2022-06-27,102.94000244140625,104.01000213623047,100.25,101.19999694824219,101.19999694824219,2407900
2022-06-28,103.5999984741211,106.58000183105469,97.83000183105469,97.87000274658203,97.87000274658203,2918300
2022-06-29,97.9800033569336,97.9800033569336,94.08999633789062,95.9800033569336,95.9800033569336,3818600
2022-06-30,94.6500015258789,95.0999984741211,90.37000274658203,94.83000183105469,94.83000183105469,4478100
2022-07-01,94.73999786376953,96.83999633789062,93.87999725341797,96.4000015258789,96.4000015258789,2661700
2022-07-05,93.58999633789062,97.7699966430664,91.81999969482422,97.16999816894531,97.16999816894531,3638100
2022-07-06,97.12000274658203,97.81999969482422,93.22000122070312,93.87000274658203,93.87000274658203,2021800
2022-07-07,95.16000366210938,97.08999633789062,94.44000244140625,96.69999694824219,96.69999694824219,2442400
2022-07-08,94.91999816894531,96.55000305175781,92.45999908447266,94.87000274658203,94.87000274658203,2073000
2022-07-11,93.22000122070312,94.06999969482422,90.56999969482422,91.16000366210938,91.16000366210938,2283000
2022-07-12,91.63999938964844,93.55000305175781,91.31999969482422,92.02999877929688,92.02999877929688,1706100
2022-07-13,90.22000122070312,93.94000244140625,88.69999694824219,92.9800033569336,92.9800033569336,2173500
2022-07-14,90.87000274658203,92.47000122070312,89.23999786376953,89.43000030517578,89.43000030517578,2189100
2022-07-15,90.9000015258789,93.5999984741211,90.19000244140625,92.3499984741211,92.3499984741211,2326000
2022-07-18,94.29000091552734,97.23999786376953,93.75,94.29000091552734,94.29000091552734,1937000
2022-07-19,96.81999969482422,100.81999969482422,96.12000274658203,100.31999969482422,100.31999969482422,3370300
2022-07-20,99.41000366210938,105.22000122070312,99.0,103.18000030517578,103.18000030517578,3763000
2022-07-21,100.62000274658203,102.44000244140625,98.86000061035156,102.37000274658203,102.37000274658203,1933500
2022-07-22,102.9000015258789,103.16000366210938,98.63999938964844,99.37999725341797,99.37999725341797,1909500
2022-07-25,100.02999877929688,100.86000061035156,98.0,100.75,100.75,1402800
2022-07-26,99.30000305175781,99.61000061035156,97.54000091552734,97.7300033569336,97.7300033569336,1340000
2022-07-27,100.83000183105469,104.13999938964844,100.08999633789062,103.76000213623047,103.76000213623047,1810700
2022-07-28,103.26000213623047,105.79000091552734,101.58999633789062,105.30999755859375,105.30999755859375,1770600
2022-07-29,105.08000183105469,106.54000091552734,103.81999969482422,106.05000305175781,106.05000305175781,1855200
2022-08-01,103.69000244140625,104.16000366210938,100.52999877929688,102.79000091552734,102.79000091552734,3276100
2022-08-02,102.2300033569336,106.16999816894531,101.76000213623047,103.88999938964844,103.88999938964844,2571500
2022-08-03,102.94000244140625,106.02999877929688,101.5,105.6500015258789,105.6500015258789,3783300
2022-08-04,103.66999816894531,103.79000091552734,101.27999877929688,102.19999694824219,102.19999694824219,7034100
2022-08-05,107.01000213623047,107.55999755859375,100.27999877929688,102.5199966430664,102.5199966430664,7379000
2022-08-08,103.58999633789062,109.48999786376953,102.88999938964844,105.37999725341797,105.37999725341797,3846800
2022-08-09,103.9800033569336,104.62999725341797,101.6500015258789,103.6500015258789,103.6500015258789,2176700
2022-08-10,106.98999786376953,109.5999984741211,106.7699966430664,109.2300033569336,109.2300033569336,3134000
2022-08-11,110.4800033569336,113.9800033569336,109.51000213623047,110.12999725341797,110.12999725341797,2928100
2022-08-12,110.91999816894531,113.7699966430664,110.4800033569336,113.51000213623047,113.51000213623047,2494200
2022-08-15,111.41999816894531,115.16999816894531,111.0,113.16999816894531,113.16999816894531,2975900
2022-08-16,113.19000244140625,117.30999755859375,112.05999755859375,117.16000366210938,117.16000366210938,3462600
2022-08-17,114.12999725341797,115.83999633789062,112.7300033569336,114.01000213623047,114.01000213623047,2504500
2022-08-18,113.56999969482422,113.8499984741211,111.77999877929688,113.66000366210938,113.66000366210938,1671700
2022-08-19,111.27999877929688,112.0,108.12999725341797,108.79000091552734,108.79000091552734,2523700
2022-08-22,105.58000183105469,106.72000122070312,104.30999755859375,105.87999725341797,105.87999725341797,2143200
2022-08-23,106.0,107.6500015258789,105.44999694824219,105.97000122070312,105.97000122070312,1821500
2022-08-24,105.45999908447266,107.66999816894531,103.98999786376953,106.80000305175781,106.80000305175781,1919200
2022-08-25,108.27999877929688,109.86000061035156,107.5199966430664,108.41999816894531,108.41999816894531,1668300
2022-08-26,108.80999755859375,109.48999786376953,103.25,103.41000366210938,103.41000366210938,1461900
2022-08-29,101.3499984741211,104.54000091552734,101.2300033569336,103.33999633789062,103.33999633789062,1801100
2022-08-30,104.69999694824219,106.05000305175781,101.83000183105469,102.63999938964844,102.63999938964844,1755200
2022-08-31,104.0199966430664,105.19000244140625,102.37999725341797,102.6500015258789,102.6500015258789,1791900
2022-09-01,100.95999908447266,101.81999969482422,97.72000122070312,101.7300033569336,101.7300033569336,2104600
2022-09-02,102.7300033569336,104.27999877929688,101.16000366210938,102.0999984741211,102.0999984741211,1564100
2022-09-06,102.83999633789062,103.0999984741211,98.91000366210938,100.8499984741211,100.8499984741211,2115000
2022-09-07,101.41999816894531,104.41999816894531,100.16000366210938,104.18000030517578,104.18000030517578,2040500
2022-09-08,102.30000305175781,105.25,102.05999755859375,104.9800033569336,104.9800033569336,1675100
2022-09-09,105.37000274658203,109.33000183105469,105.25,109.16999816894531,109.16999816894531,2188400
2022-09-12,110.5,113.51000213623047,110.5,111.73999786376953,111.73999786376953,2932600
2022-09-13,106.11000061035156,109.81999969482422,105.2300033569336,108.19000244140625,108.19000244140625,2541000
2022-09-14,108.80999755859375,110.69999694824219,106.33000183105469,110.19000244140625,110.19000244140625,2654900
2022-09-15,109.4800033569336,113.58999633789062,107.48999786376953,107.79000091552734,107.79000091552734,3640800
2022-09-16,105.88999938964844,106.30000305175781,100.7300033569336,101.88999938964844,101.88999938964844,4106800
2022-09-19,100.83000183105469,103.30000305175781,100.4000015258789,102.48999786376953,102.48999786376953,2282700
2022-09-20,101.83999633789062,105.38999938964844,100.94999694824219,104.62999725341797,104.62999725341797,3172300
2022-09-21,104.18000030517578,104.6500015258789,98.86000061035156,99.01000213623047,99.01000213623047,3485400
2022-09-22,99.01000213623047,99.01000213623047,91.4000015258789,92.0,92.0,3965500
2022-09-23,90.66999816894531,91.91000366210938,89.2699966430664,91.26000213623047,91.26000213623047,2961900
2022-09-26,91.58999633789062,93.41999816894531,89.56999969482422,89.69000244140625,89.69000244140625,2186300
2022-09-27,92.2699966430664,94.91000366210938,90.66999816894531,91.81999969482422,91.81999969482422,2512000
2022-09-28,92.69999694824219,96.73999786376953,92.0,95.91000366210938,95.91000366210938,2297700
2022-09-29,93.94999694824219,95.45999908447266,92.7300033569336,94.20999908447266,94.20999908447266,2291500
2022-09-30,93.36000061035156,96.66999816894531,92.72000122070312,93.69000244140625,93.69000244140625,2452500
2022-10-03,95.33000183105469,95.44999694824219,92.1500015258789,94.4000015258789,94.4000015258789,2655800
2022-10-04,97.5,102.1500015258789,97.05000305175781,102.0999984741211,102.0999984741211,2313900
2022-10-05,99.41999816894531,100.95999908447266,98.12000274658203,98.98999786376953,98.98999786376953,1736700
2022-10-06,98.41000366210938,99.22000122070312,95.0999984741211,95.61000061035156,95.61000061035156,2769100
2022-10-07,94.01000213623047,94.70999908447266,92.44999694824219,93.91999816894531,93.91999816894531,1971400
2022-10-10,94.45999908447266,94.8499984741211,91.7300033569336,92.69000244140625,92.69000244140625,1909000
2022-10-11,93.01000213623047,93.62000274658203,88.80999755859375,91.81999969482422,91.81999969482422,2123700
2022-10-12,91.94999694824219,93.9000015258789,90.55999755859375,93.13999938964844,93.13999938964844,1512400
2022-10-13,90.98999786376953,94.18000030517578,89.51000213623047,91.47000122070312,91.47000122070312,2328800
2022-10-14,93.83000183105469,94.0,90.12000274658203,90.2699966430664,90.2699966430664,1970400
2022-10-17,92.63999938964844,96.19000244140625,92.63999938964844,95.27999877929688,95.27999877929688,2746300
2022-10-18,97.88999938964844,99.86000061035156,96.4000015258789,98.11000061035156,98.11000061035156,1853200
2022-10-19,96.70999908447266,98.66999816894531,95.16999816894531,96.12000274658203,96.12000274658203,1593100
2022-10-20,95.98999786376953,97.62999725341797,92.91999816894531,93.1500015258789,93.1500015258789,3233600
2022-10-21,92.2699966430664,97.76000213623047,91.36000061035156,97.2699966430664,97.2699966430664,3662700
2022-10-24,96.77999877929688,97.54000091552734,93.26000213623047,95.86000061035156,95.86000061035156,1710600
2022-10-25,95.08999633789062,99.1500015258789,95.08999633789062,98.70999908447266,98.70999908447266,1951200
2022-10-26,98.5999984741211,100.43000030517578,96.0999984741211,96.7699966430664,96.7699966430664,1719200
2022-10-27,98.30999755859375,99.69000244140625,96.2300033569336,96.56999969482422,96.56999969482422,1834100
2022-10-28,96.0,97.87000274658203,94.33000183105469,96.75,96.75,2549100
2022-10-31,96.66000366210938,96.9800033569336,93.3499984741211,93.47000122070312,93.47000122070312,2599600
2022-11-01,96.5,97.69000244140625,94.63999938964844,95.66000366210938,95.66000366210938,2519100
2022-11-02,94.94999694824219,95.55999755859375,89.83999633789062,90.33999633789062,90.33999633789062,3042300
2022-11-03,90.62000274658203,90.62000274658203,86.36000061035156,87.62999725341797,87.62999725341797,5483400
2022-11-04,93.5,98.5199966430664,91.27999877929688,92.62999725341797,92.62999725341797,6579100
2022-11-07,93.16999816894531,93.16999816894531,85.0199966430664,89.58999633789062,89.58999633789062,4206700
2022-11-08,89.05999755859375,92.44999694824219,88.11000061035156,89.69999694824219,89.69999694824219,2833400
2022-11-09,87.95999908447266,90.38999938964844,87.5999984741211,89.05999755859375,89.05999755859375,2163700
2022-11-10,94.18000030517578,99.08000183105469,93.3499984741211,99.04000091552734,99.04000091552734,3362200
2022-11-11,99.52999877929688,104.47000122070312,99.18000030517578,102.79000091552734,102.79000091552734,3097500
2022-11-14,101.19000244140625,102.70999908447266,98.0999984741211,98.61000061035156,98.61000061035156,2248100
2022-11-15,101.77999877929688,102.9800033569336,98.16999816894531,99.94000244140625,99.94000244140625,2837700
2022-11-16,98.37000274658203,99.58000183105469,96.70999908447266,97.44999694824219,97.44999694824219,1840000
2022-11-17,94.55000305175781,97.30000305175781,93.83999633789062,97.26000213623047,97.26000213623047,1826900
2022-11-18,99.0,99.5,97.0199966430664,98.30999755859375,98.30999755859375,2218700
2022-11-21,97.06999969482422,99.16999816894531,96.55000305175781,97.06999969482422,97.06999969482422,2214100
2022-11-22,98.08999633789062,100.33999633789062,96.58999633789062,100.27999877929688,100.27999877929688,1627500
2022-11-23,100.79000091552734,101.86000061035156,99.4800033569336,100.87999725341797,100.87999725341797,1511500
2022-11-25,100.33999633789062,103.55999755859375,100.0999984741211,101.5,101.5,966800
2022-11-28,100.48999786376953,101.79000091552734,99.37000274658203,99.6500015258789,99.6500015258789,2054600
2022-11-29,99.69999694824219,103.06999969482422,99.69999694824219,102.44999694824219,102.44999694824219,2051300
2022-11-30,103.0999984741211,106.93000030517578,101.55999755859375,106.83999633789062,106.83999633789062,2473500
2022-12-01,107.0199966430664,109.5,105.62000274658203,105.93000030517578,105.93000030517578,1900600
2022-12-02,103.55000305175781,104.62999725341797,101.91999816894531,103.69000244140625,103.69000244140625,1767800
2022-12-05,102.31999969482422,103.55999755859375,100.36000061035156,100.66000366210938,100.66000366210938,1754700
2022-12-06,100.41999816894531,100.9800033569336,95.1500015258789,96.91000366210938,96.91000366210938,2160800
2022-12-07,93.04000091552734,93.77999877929688,89.80000305175781,90.79000091552734,90.79000091552734,4052000
2022-12-08,92.18000030517578,94.08000183105469,91.3499984741211,93.58000183105469,93.58000183105469,2246100
2022-12-09,92.81999969482422,95.45999908447266,92.05000305175781,94.0999984741211,94.0999984741211,2355100
2022-12-12,93.69999694824219,95.79000091552734,93.22000122070312,95.5999984741211,95.5999984741211,2159600
2022-12-13,99.9800033569336,100.12999725341797,93.26000213623047,94.38999938964844,94.38999938964844,2442000
2022-12-14,94.23999786376953,95.87000274658203,91.5,92.79000091552734,92.79000091552734,2567700
2022-12-15,91.0,91.70999908447266,89.20999908447266,90.19999694824219,90.19999694824219,2345000
2022-12-16,89.11000061035156,89.83000183105469,86.87999725341797,88.16999816894531,88.16999816894531,3490800
2022-12-19,87.95999908447266,88.31999969482422,84.72000122070312,85.26000213623047,85.26000213623047,2609300
2022-12-20,84.47000122070312,86.5,84.0,85.61000061035156,85.61000061035156,2813100
2022-12-21,86.72000122070312,88.45999908447266,85.97000122070312,86.48999786376953,86.48999786376953,2356400
2022-12-22,85.33999633789062,85.76000213623047,82.38999938964844,84.5199966430664,84.5199966430664,2541000
2022-12-23,84.0999984741211,86.4800033569336,83.83999633789062,86.43000030517578,86.43000030517578,2109300
2022-12-27,86.80000305175781,87.0,84.87999725341797,86.55999755859375,86.55999755859375,2678700
2022-12-28,86.5999984741211,87.3499984741211,83.29000091552734,83.69000244140625,83.69000244140625,2771100
2022-12-29,84.37000274658203,87.31999969482422,84.19999694824219,87.12999725341797,87.12999725341797,2389500
2022-12-30,85.77999877929688,87.73999786376953,85.77999877929688,87.5999984741211,87.5999984741211,2076200
2023-01-03,88.62999725341797,89.38999938964844,86.30999755859375,87.68000030517578,87.68000030517578,1433100
2023-01-04,88.5999984741211,91.52999877929688,88.5999984741211,90.98999786376953,90.98999786376953,1882800
2023-01-05,90.13999938964844,93.73999786376953,90.0,93.0,93.0,2689000
2023-01-06,94.38999938964844,94.63999938964844,93.1500015258789,94.11000061035156,94.11000061035156,2812400
2023-01-09,94.31999969482422,95.44000244140625,93.45999908447266,93.7699966430664,93.7699966430664,1911300
2023-01-10,93.7300033569336,94.63999938964844,92.47000122070312,94.63999938964844,94.63999938964844,2008700
2023-01-11,97.9800033569336,100.25,96.86000061035156,99.23999786376953,99.23999786376953,2928100
2023-01-12,100.4800033569336,103.75,99.12999725341797,103.05999755859375,103.05999755859375,2668200
2023-01-13,102.86000061035156,107.04000091552734,102.19000244140625,106.08999633789062,106.08999633789062,2657700
2023-01-17,106.2300033569336,107.80000305175781,104.80000305175781,106.55000305175781,106.55000305175781,2500600
2023-01-18,108.13999938964844,109.43000030517578,103.77999877929688,103.87000274658203,103.87000274658203,2823800
2023-01-19,102.9000015258789,108.05000305175781,102.47000122070312,107.06999969482422,107.06999969482422,2726800
2023-01-20,107.75,111.44000244140625,106.7699966430664,111.30000305175781,111.30000305175781,2885400
2023-01-23,111.27999877929688,115.98999786376953,111.0999984741211,115.7300033569336,115.7300033569336,2510800
2023-01-24,115.31999969482422,116.93000030517578,114.91999816894531,115.16999816894531,115.16999816894531,2024300
2023-01-25,113.48999786376953,116.5,112.30999755859375,116.44000244140625,116.44000244140625,2489600
2023-01-26,117.72000122070312,118.62999725341797,115.41999816894531,116.7300033569336,116.7300033569336,1809900
2023-01-27,116.2699966430664,117.98999786376953,115.6500015258789,116.18000030517578,116.18000030517578,1740100
2023-01-30,114.72000122070312,116.58000183105469,113.7699966430664,115.55999755859375,115.55999755859375,2470800
2023-01-31,115.08000183105469,115.36000061035156,113.47000122070312,114.30000305175781,114.30000305175781,1730700
2023-02-01,113.94999694824219,118.2300033569336,113.2300033569336,117.9000015258789,117.9000015258789,1826400
2023-02-02,119.94999694824219,124.94999694824219,119.08999633789062,121.44999694824219,121.44999694824219,3419700
2023-02-03,118.70999908447266,120.98999786376953,117.55999755859375,118.69999694824219,118.69999694824219,1961800
2023-02-06,117.45999908447266,120.08999633789062,116.68000030517578,119.06999969482422,119.06999969482422,2049000
2023-02-07,119.18000030517578,120.80999755859375,117.44000244140625,120.19999694824219,120.19999694824219,2046300
2023-02-08,119.68000030517578,120.91000366210938,117.12000274658203,119.1500015258789,119.1500015258789,2078800
2023-02-09,120.80999755859375,121.9800033569336,117.0,117.70999908447266,117.70999908447266,5905400
2023-02-10,111.41000366210938,112.83000183105469,105.70999908447266,107.63999938964844,107.63999938964844,9395100
2023-02-13,108.51000213623047,111.95999908447266,108.01000213623047,111.3499984741211,111.3499984741211,3480000
2023-02-14,110.75,115.45999908447266,109.9800033569336,114.94999694824219,114.94999694824219,3079000
2023-02-15,116.70999908447266,118.33999633789062,115.2300033569336,115.95999908447266,115.95999908447266,3095600
2023-02-16,113.76000213623047,114.87999725341797,111.23999786376953,111.52999877929688,111.52999877929688,3251000
2023-02-17,110.44999694824219,110.54000091552734,106.86000061035156,108.95999908447266,108.95999908447266,3583400
2023-02-21,106.98999786376953,109.44000244140625,106.94999694824219,108.02999877929688,108.02999877929688,2135400
2023-02-22,107.83999633789062,109.55999755859375,107.5999984741211,107.97000122070312,107.97000122070312,1726800
2023-02-23,108.37999725341797,108.95999908447266,105.79000091552734,106.91000366210938,106.91000366210938,2339000
2023-02-24,104.33999633789062,106.4800033569336,103.5199966430664,104.30999755859375,104.30999755859375,1962300
2023-02-27,105.66000366210938,107.9800033569336,105.47000122070312,106.83999633789062,106.83999633789062,1843500
2023-02-28,106.73999786376953,109.51000213623047,106.62000274658203,108.97000122070312,108.97000122070312,3088900
2023-03-01,109.83000183105469,110.30999755859375,105.77999877929688,106.16000366210938,106.16000366210938,2474200
2023-03-02,104.79000091552734,106.95999908447266,104.33999633789062,105.77999877929688,105.77999877929688,2205700
2023-03-03,107.08999633789062,108.30000305175781,105.77999877929688,107.61000061035156,107.61000061035156,2687500
